Date,Total,Black Mountain Precinct,Cactus Park Precinct,Central City Precinct,Desert Horizon Precinct,Estrella Mt Precinct,Maryvale/Estrella Precinct,Mountain View Precinct,Precinct Not Available,Out of City,Sky Harbor International Airport,South Mountain Precinct,Female,Male,Gender Not Available,Black or African American,Hispanic,Other,White,AgeLess20,Age20s,Age30s,Age40s,Age50s,Age60s,Age70s,Age80s,Age90s,Age Not Available,Criminal Felony,Criminal Misdemeanor,No Charge,Traffic Civil,Traffic Criminal
7/1/2020,16,,,,,,7,9,,,,,7,9,,4,12,,,6,2,6,,1,1,,,,,,,16,,
7/2/2020,2,,,2,,,,,,,,,,2,,,,2,,,2,,,,,,,,,2,,,,
7/3/2020,,,,,,,,,,,,,,,,,,,,,,,,,,,,,,,,,,
7/4/2020,4,,,,2,,,2,,,,,,4,,2,,,2,1,,2,1,,,,,,,2,,2,,
7/5/2020,2,,,,1,,,1,,,,,,2,,1,1,,,,,,2,,,,,,,1,,1,,
7/6/2020,15,6,,,,,5,3,,,,1,2,13,,1,5,2,7,1,6,3,3,,1,1,,,,1,,14,,
7/7/2020,23,3,,1,6,,5,5,,,,3,7,16,,5,12,2,4,3,9,5,5,1,,,,,,,,23,,
7/8/2020,5,,2,1,1,,,1,,,,,,5,,2,1,,2,,2,3,,,,,,,,,,5,,
7/9/2020,8,,1,,,,5,1,,,,1,1,7,,3,5,,,1,4,1,2,,,,,,,,,8,,
7/10/2020,7,,1,,1,,3,1,,,,1,,7,,2,2,1,2,,2,1,1,1,,1,,,1,1,,6,,
7/11/2020,7,,1,1,2,,,2,,,,1,,7,,3,2,1,1,,4,,1,1,1,,,,,,,7,,
7/12/2020,12,,2,2,2,,4,2,,,,,4,8,,3,7,1,1,1,5,4,,2,,,,,,1,,11,,
7/13/2020,15,,2,,1,,8,1,,,,3,5,10,,1,12,,2,1,2,5,5,1,1,,,,,,,15,,
7/14/2020,14,1,8,,1,,,,,1,,3,3,11,,1,6,,7,4,3,3,3,1,,,,,,,,14,,
7/15/2020,13,2,,,,,8,1,,1,,1,2,11,,5,5,,3,3,4,3,3,,,,,,,,,13,,
7/16/2020,8,1,3,,,,2,1,,1,,,,8,,1,3,,4,,3,4,1,,,,,,,,,8,,
7/17/2020,27,,2,,1,,23,1,,,,,14,13,,,26,,1,11,8,4,3,1,,,,,,,,27,,
7/18/2020,5,,,,1,,1,1,,,,2,,5,,,4,,1,,1,4,,,,,,,,,,5,,
7/19/2020,9,,1,4,,,,,,4,,,1,8,,4,4,1,,4,2,1,2,,,,,,,1,,8,,
7/20/2020,11,,,3,,6,1,1,,,,,3,8,,4,5,1,1,1,6,3,1,,,,,,,,,11,,
7/21/2020,7,,,2,5,,,,,,,,3,4,,1,3,,3,,3,3,,1,,,,,,,,7,,
7/22/2020,7,,,,1,,2,1,,,,3,2,5,,5,,,2,,3,1,1,,,1,,,1,,,7,,
7/23/2020,8,,1,2,3,,1,1,,,,,1,7,,1,2,,5,,3,3,,1,1,,,,,,,8,,
7/24/2020,9,1,3,,,1,2,,,,,2,1,8,,1,6,,2,2,1,5,,1,,,,,,,,9,,
7/25/2020,7,,1,,3,,2,,,1,,,1,6,,2,3,1,1,,2,2,3,,,,,,,,,7,,
7/26/2020,19,,1,6,2,,4,3,,3,,,5,13,1,4,6,1,8,2,7,1,2,2,3,1,,,1,1,1,17,,
7/27/2020,13,2,3,1,1,1,2,,,2,,1,,13,,1,9,,3,2,2,5,2,1,1,,,,,,,13,,
7/28/2020,5,,1,1,,,2,1,,,,,2,3,,,3,,2,,1,2,2,,,,,,,,,5,,
7/29/2020,16,4,8,,2,,,,,2,,,4,12,,1,4,,11,1,5,6,1,3,,,,,,,,16,,
7/30/2020,11,,3,,,,6,,,,,2,2,9,,3,5,,3,1,4,3,1,,1,1,,,,,,11,,
7/31/2020,9,,2,2,1,,3,,,,,1,3,6,,4,5,,,,4,4,1,,,,,,,,,9,,
8/1/2020,7,,,,,1,1,2,,,,3,1,6,,,7,,,1,3,2,,,1,,,,,1,,6,,
8/2/2020,10,,1,,,,2,5,,,,2,,10,,1,7,1,1,1,4,2,2,1,,,,,,1,2,7,,
8/3/2020,10,,2,,1,,5,1,,,,1,2,8,,1,3,,6,2,1,4,2,1,,,,,,,1,9,,
8/4/2020,27,1,2,3,3,1,10,4,,3,,,7,20,,4,14,,9,5,13,5,3,1,,,,,,,,27,,
8/5/2020,38,3,3,,4,1,17,1,,4,,5,14,24,,5,22,1,10,15,6,11,,1,4,,1,,,,1,37,,
8/6/2020,20,,1,,2,,1,2,,7,,7,7,13,,9,8,,3,4,7,4,3,2,,,,,,2,,18,,
8/7/2020,16,7,,,,,4,4,,,,1,5,11,,6,6,,4,5,4,3,3,1,,,,,,,1,15,,
8/8/2020,7,,1,,1,,4,1,,,,,1,6,,,4,,3,1,2,4,,,,,,,,,,7,,
8/9/2020,10,,3,1,2,1,2,1,,,,,,10,,3,1,,6,2,2,2,1,3,,,,,,,,10,,
8/10/2020,4,,,,,1,1,2,,,,,,4,,2,,,2,,1,2,,1,,,,,,,,4,,
8/11/2020,25,2,6,1,1,,10,,,,,5,8,17,,5,13,1,6,7,6,7,3,2,,,,,,,,25,,
8/12/2020,17,2,,3,2,,2,5,,2,,1,5,12,,6,8,1,2,5,8,1,3,,,,,,,1,1,15,,
8/13/2020,33,6,2,,9,1,,15,,,,,8,25,,8,15,,10,9,12,7,3,1,1,,,,,5,,28,,
8/14/2020,16,2,1,2,,,9,2,,,,,3,13,,6,4,,6,2,6,3,2,2,1,,,,,,,15,1,
8/15/2020,11,2,2,1,2,,,,,,,4,1,10,,2,4,,5,1,3,3,3,1,,,,,,,,11,,
8/16/2020,15,1,3,,1,2,3,2,,,,3,5,10,,2,9,2,2,2,5,5,1,2,,,,,,,,15,,
8/17/2020,14,,2,2,4,3,1,1,,,,1,1,13,,4,4,,6,2,4,6,1,1,,,,,,1,,13,,
8/18/2020,16,,5,,2,1,,6,,2,,,4,12,,10,3,1,2,,7,4,3,1,1,,,,,,,16,,
8/19/2020,27,,3,,,,4,,,2,,18,9,18,,5,12,2,8,,7,7,11,,1,1,,,,,,27,,
8/20/2020,23,,,,2,1,11,5,,2,,2,3,20,,4,12,,7,6,7,5,1,1,2,1,,,,,,23,,
8/21/2020,6,,,1,,,3,2,,,,,1,5,,2,,,4,1,3,1,1,,,,,,,,,6,,
8/22/2020,18,,8,1,5,,,3,,,,1,4,14,,5,5,1,7,9,4,4,1,,,,,,,,,18,,
8/23/2020,19,,2,,4,9,1,3,,,,,2,17,,5,4,1,9,1,4,3,3,7,1,,,,,,,19,,
8/24/2020,7,1,,,,3,,,,,,3,2,5,,,4,,3,2,2,2,1,,,,,,,,,7,,
8/25/2020,8,1,,,3,,2,,,,,2,1,7,,1,5,,2,,2,5,1,,,,,,,,,8,,
8/26/2020,7,,1,1,,,4,,,,,1,1,6,,3,4,,,2,2,1,1,1,,,,,,,,7,,
8/27/2020,21,,2,,,,5,4,,9,,1,9,12,,10,9,1,1,2,8,5,3,2,,,,,1,,,21,,
8/28/2020,10,3,2,1,,,2,1,,1,,,1,9,,,5,,5,1,1,4,1,2,1,,,,,,,10,,
8/29/2020,8,,4,,,,1,2,,,,1,1,7,,1,4,,3,,3,1,2,1,1,,,,,,,8,,
8/30/2020,8,2,,1,1,,1,1,,1,,1,2,6,,3,2,,3,,2,3,2,1,,,,,,,,8,,
8/31/2020,18,,4,2,4,2,2,2,,,,2,4,14,,6,5,,7,,9,4,2,2,,1,,,,,,18,,
9/1/2020,13,,4,,4,1,3,,,,,1,3,10,,1,4,1,7,,4,6,1,2,,,,,,2,,11,,
9/2/2020,26,6,13,,,,2,2,,2,,1,9,17,,7,8,1,10,,12,6,5,2,1,,,,,,,26,,
9/3/2020,8,2,1,2,1,,,,,,,2,,8,,3,2,1,2,,3,3,1,,1,,,,,,,8,,
9/4/2020,8,,,,,,3,2,,2,,1,,8,,3,4,,1,5,2,1,,,,,,,,1,,7,,
9/5/2020,1,,,,,,,1,,,,,,1,,1,,,,1,,,,,,,,,,1,,,,
9/6/2020,8,1,,,,,3,,,1,,3,3,5,,1,5,,2,1,4,1,2,,,,,,,,,8,,
9/7/2020,5,,,,1,,3,,,,,1,,5,,2,3,,,,2,3,,,,,,,,1,,4,,
9/8/2020,16,4,,1,5,,4,2,,,,,3,13,,,7,2,7,1,11,3,,,,,,,1,1,,15,,
9/9/2020,19,2,,2,1,,5,5,,,,4,4,13,2,2,13,1,3,3,5,7,3,,,1,,,,1,,18,,
9/10/2020,19,,1,8,1,,1,5,,,,3,6,13,,4,10,4,1,,9,6,2,2,,,,,,1,,18,,
9/11/2020,16,3,4,1,3,,2,1,,2,,,3,13,,5,6,1,4,2,5,6,2,1,,,,,,,,16,,
9/12/2020,7,,,,1,,4,1,,1,,,2,5,,1,5,,1,1,3,2,,,1,,,,,,,7,,
9/13/2020,14,1,,1,,,9,2,,,,1,3,11,,1,9,1,3,2,3,4,4,1,,,,,,1,,13,,
9/14/2020,5,,1,,,1,,2,,,,1,1,4,,2,1,1,1,,1,3,,1,,,,,,1,,4,,
9/15/2020,32,,2,7,1,,2,1,,16,,3,13,19,,6,25,1,,6,13,3,4,4,1,,,,1,,,32,,
9/16/2020,8,1,3,1,,,,,,2,,1,1,7,,2,2,1,3,,3,3,,,,,,,2,,,8,,
9/17/2020,10,,,,,,1,2,,,,7,3,7,,8,1,,1,2,4,1,2,1,,,,,,1,,9,,
9/18/2020,12,,,3,,,4,2,,,,3,3,9,,5,5,,2,5,3,1,,3,,,,,,,,12,,
9/19/2020,12,1,3,1,1,,1,4,,,,1,,12,,1,7,,4,1,8,1,,2,,,,,,1,,11,,
9/20/2020,10,,,1,2,,7,,,,,,2,8,,1,3,5,1,,6,1,,2,,,,,1,,,10,,
9/21/2020,13,,1,,,,9,3,,,,,5,8,,9,4,,,6,3,3,1,,,,,,,,,13,,
9/22/2020,21,,1,1,,,8,,,2,,9,3,18,,3,14,,4,3,9,6,2,1,,,,,,1,,20,,
9/23/2020,20,2,8,4,1,,,1,,,,4,4,16,,2,8,,10,7,4,4,3,1,,,,,1,1,,19,,
9/24/2020,20,,3,1,2,,5,3,,4,,2,7,13,,4,15,,1,3,8,5,2,1,,,,,1,1,,19,,
9/25/2020,11,,3,,4,,1,2,,,,1,3,8,,4,2,,5,,3,3,4,1,,,,,,,,11,,
9/26/2020,8,1,2,,3,,,2,,,,,2,6,,3,3,,2,,2,3,,3,,,,,,1,,7,,
9/27/2020,13,,2,,1,,2,3,,,,5,1,12,,1,7,1,4,1,2,2,6,,1,,,,1,,,13,,
9/28/2020,15,1,1,,4,,7,2,,,,,4,11,,5,8,2,,5,5,2,2,,,,,,1,,,15,,
9/29/2020,8,2,,,,1,2,,,2,,1,,8,,3,2,,3,,3,2,2,,1,,,,,,,8,,
9/30/2020,21,,,5,1,,11,4,,,,,5,16,,1,19,,1,6,6,6,3,,,,,,,1,1,19,,
10/1/2020,16,1,1,,7,,2,4,,,,1,2,14,,3,8,,5,2,3,5,4,1,1,,,,,,,15,1,
10/2/2020,20,,2,3,,,10,5,,,,,9,11,,9,5,,6,4,2,5,4,3,2,,,,,2,,18,,
10/3/2020,5,,,,2,,1,,,,,2,1,4,,1,1,,3,1,,2,1,1,,,,,,,,5,,
10/4/2020,12,,,1,3,2,5,,,,,1,3,9,,1,7,,4,,4,5,2,,,,,,1,1,1,10,,
10/5/2020,17,1,2,4,5,3,2,,,,,,3,14,,3,6,2,6,,8,4,2,2,1,,,,,,,17,,
10/6/2020,10,1,3,,,,,2,,,,4,2,8,,2,2,2,4,2,4,1,3,,,,,,,1,,9,,
10/7/2020,11,1,2,1,2,,2,2,,,,1,2,9,,5,4,,2,2,5,1,1,1,,,,,1,1,,10,,
10/8/2020,12,3,2,,1,,2,1,,1,,2,4,8,,6,3,,3,1,6,2,1,1,1,,,,,,,12,,
10/9/2020,5,,,,3,,,2,,,,,3,2,,1,3,,1,,2,2,1,,,,,,,,,5,,
10/10/2020,12,1,1,3,2,3,,,,,,2,5,7,,3,6,,3,1,6,4,1,,,,,,,,,12,,
10/11/2020,5,,2,,1,,1,1,,,,,,5,,2,1,,2,,3,1,,1,,,,,,,,5,,
10/12/2020,9,2,3,,,,1,1,,,,2,3,6,,,3,,6,,4,1,1,2,,,,,1,1,,8,,
10/13/2020,22,2,2,2,6,1,3,2,,3,,1,4,18,,8,12,,2,3,7,11,1,,,,,,,4,,18,,
10/14/2020,13,1,2,,1,,,2,,3,,4,2,11,,2,9,,2,,2,8,2,1,,,,,,2,1,10,,
10/15/2020,10,1,,1,,,4,4,,,,,2,8,,1,8,,1,,5,3,1,1,,,,,,3,,7,,
10/16/2020,10,,1,,1,,3,4,,,,1,3,7,,1,4,1,4,,6,2,,2,,,,,,3,,7,,
10/17/2020,14,1,4,1,2,1,3,1,,,,1,2,12,,1,6,1,6,2,8,1,1,,1,1,,,,,,14,,
10/18/2020,10,1,1,1,4,1,2,,,,,,2,8,,3,,,7,1,2,4,3,,,,,,,4,,6,,
10/19/2020,8,,2,,1,2,2,,,,,1,2,6,,2,4,,2,1,2,2,2,1,,,,,,1,,7,,
10/20/2020,14,,1,2,,,2,3,,,,6,3,11,,2,7,1,4,2,5,3,,2,2,,,,,1,,13,,
10/21/2020,3,2,,,,,,,,1,,,,3,,1,,,2,,2,1,,,,,,,,,,3,,
10/22/2020,18,7,4,3,,,1,1,,,,2,4,14,,6,3,,9,1,2,7,5,3,,,,,,1,,17,,
10/23/2020,17,1,4,1,1,,,,,2,,8,5,12,,4,10,,3,4,8,5,,,,,,,,2,,15,,
10/24/2020,6,,1,1,1,,1,2,,,,,1,5,,1,3,,2,2,2,1,,1,,,,,,,,6,,
10/25/2020,7,,1,,,,1,2,,,,3,,7,,1,5,,1,,5,1,1,,,,,,,,,7,,
10/26/2020,14,,,1,2,2,4,1,,,,4,2,12,,4,9,,1,5,3,5,1,,,,,,,1,1,12,,
10/27/2020,10,,3,2,1,,1,3,,,,,3,7,,2,5,,3,,3,3,4,,,,,,,1,,9,,
10/28/2020,13,2,,,,,3,2,,,,6,3,10,,6,3,,4,3,4,4,1,,1,,,,,,,13,,
10/29/2020,13,,,4,1,,7,1,,,,,4,9,,3,5,1,4,,3,10,,,,,,,,2,,11,,
10/30/2020,23,,2,,,,,1,,1,,19,9,14,,1,19,,3,3,9,5,3,3,,,,,,1,,22,,
10/31/2020,12,,1,,1,,2,7,,,,1,5,7,,1,5,,6,,8,2,,1,1,,,,,1,,11,,
11/1/2020,12,,,,,1,7,2,,2,,,3,9,,2,8,,2,3,5,3,1,,,,,,,1,,11,,
11/2/2020,8,,1,,,,3,3,,,,1,,8,,3,4,,1,1,2,4,1,,,,,,,,,8,,
11/3/2020,11,2,,1,,,1,5,,2,,,1,10,,1,8,,2,4,4,2,,,,,,,1,5,1,5,,
11/4/2020,7,,1,,,,1,4,,,,1,1,6,,2,3,,2,1,3,1,,2,,,,,,1,,6,,
11/5/2020,10,2,1,1,,,1,5,,,,,1,9,,2,6,1,1,4,1,1,4,,,,,,,1,,9,,
11/6/2020,13,,2,2,1,,6,1,,1,,,,13,,2,7,2,2,,3,6,1,2,,1,,,,1,1,11,,
11/7/2020,9,3,1,,,,3,1,,,,1,1,8,,3,5,1,,3,3,2,1,,,,,,,2,,7,,
11/8/2020,8,,4,,,,2,,,,,2,1,7,,2,4,,2,1,6,,,,1,,,,,,,8,,
11/9/2020,5,,,,1,,3,1,,,,,,5,,1,2,1,1,2,2,,1,,,,,,,,,5,,
11/10/2020,18,,,3,,,12,1,,,1,1,6,12,,1,12,2,3,1,6,3,1,,,1,,,6,3,,15,,
11/11/2020,13,1,2,,,,4,1,,,,5,1,12,,6,6,,1,1,6,3,,3,,,,,,2,,11,,
11/12/2020,7,3,,,,,2,,,,,2,1,6,,1,4,,2,,4,3,,,,,,,,,,7,,
11/13/2020,13,1,,,4,,1,2,,1,,4,1,12,,5,3,,5,2,3,5,3,,,,,,,2,,11,,
11/14/2020,8,1,1,1,,,,3,,,,2,,8,,1,3,2,2,2,2,2,1,1,,,,,,3,,5,,
11/15/2020,7,,,,5,,,,,,,2,2,5,,1,2,,4,,1,3,1,,2,,,,,1,,6,,
11/16/2020,6,3,,,,,2,1,,,,,4,2,,,2,,4,,2,4,,,,,,,,2,,4,,
11/17/2020,9,2,,,,,2,5,,,,,4,4,1,1,4,,4,,3,3,1,1,1,,,,,,2,7,,
11/18/2020,11,,4,,1,,1,1,,1,,3,3,8,,7,2,,2,4,4,2,,,,,,,1,1,4,6,,
11/19/2020,15,,,,7,,1,,,,,7,2,13,,2,9,,4,3,5,2,,3,2,,,,,,,15,,
11/20/2020,12,1,1,,1,,3,1,,4,,1,3,9,,,5,1,6,,4,6,,2,,,,,,2,,10,,
11/21/2020,5,,,,1,,3,,,,,1,,5,,2,2,,1,,3,1,1,,,,,,,1,,4,,
11/22/2020,5,,,,1,,2,1,,,,1,1,4,,3,1,,1,1,2,2,,,,,,,,,,5,,
11/23/2020,12,1,,2,4,,1,,,,,4,,12,,6,3,1,2,2,7,,1,2,,,,,,,,12,,
11/24/2020,3,,1,,1,,,1,,,,,,3,,1,1,,1,,,2,1,,,,,,,1,,2,,
11/25/2020,7,,2,1,1,,1,2,,,,,,7,,1,2,1,3,,2,4,1,,,,,,,2,,5,,
11/26/2020,1,,,,,,1,,,,,,,1,,,1,,,,,,1,,,,,,,,,1,,
11/27/2020,5,1,,,,,3,1,,,,,,5,,,5,,,,3,1,,,,,,,1,1,,4,,
11/28/2020,11,1,,,2,,1,3,,,,4,,11,,4,2,2,3,,3,4,3,1,,,,,,2,,9,,
11/29/2020,13,1,1,,3,,3,4,,,,1,3,10,,3,10,,,2,6,1,3,1,,,,,,,1,12,,
11/30/2020,16,6,4,,,,4,2,,,,,3,13,,8,4,,4,7,5,2,1,,1,,,,,,,15,1,
12/1/2020,8,1,1,,,,2,1,,3,,,3,5,,,6,,2,1,3,4,,,,,,,,1,1,6,,
12/2/2020,15,2,2,,,,4,6,,1,,,4,11,,5,8,1,1,,6,3,6,,,,,,,1,,14,,
12/3/2020,11,2,,,,,6,1,,,,2,2,9,,,6,,5,2,5,2,1,1,,,,,,1,,10,,
12/4/2020,18,,,2,1,,6,7,,,,2,6,12,,4,7,,7,1,6,6,4,1,,,,,,1,,17,,
12/5/2020,12,,,,6,,3,2,,,,1,2,10,,2,8,1,1,,8,2,2,,,,,,,2,,10,,
12/6/2020,21,4,5,,3,1,4,4,,,,,4,17,,4,10,2,5,3,8,5,3,1,1,,,,,,,21,,
12/7/2020,7,1,,,3,,,,,,,3,2,5,,,3,1,3,1,2,1,,1,1,,,,1,,,7,,
12/8/2020,21,2,6,3,1,,4,5,,,,,6,15,,3,9,1,8,2,10,7,,1,,,,,1,3,,18,,
12/9/2020,17,2,2,1,2,,2,6,,1,,1,5,12,,3,9,,5,,11,3,3,,,,,,,2,2,13,,
12/10/2020,20,7,5,1,3,,,4,,,,,5,15,,8,9,,3,1,14,3,1,,,,,,1,2,,18,,
12/11/2020,10,,5,,2,,,2,,1,,,1,9,,2,4,,4,1,3,3,1,1,1,,,,,2,,8,,
12/12/2020,15,,1,1,2,,4,4,,,,3,4,11,,4,10,,1,,6,5,4,,,,,,,,,15,,
12/13/2020,17,1,,1,1,,,1,,,,13,7,10,,1,14,,2,9,2,4,,1,,,,,1,,,16,,1
12/14/2020,2,,,,2,,,,,,,,,2,,,1,1,,,1,,1,,,,,,,,,2,,
12/15/2020,7,,,,1,,2,1,,,,3,1,6,,2,3,,2,1,3,2,,1,,,,,,,,7,,
12/16/2020,11,,,2,,,6,2,,1,,,2,9,,2,7,,2,2,6,1,1,,1,,,,,1,1,9,,
12/17/2020,5,,1,,,,,2,,,,2,,5,,1,3,,1,,2,2,1,,,,,,,1,,4,,
12/18/2020,5,,,,1,,2,1,,,,1,,5,,1,3,,1,1,1,2,1,,,,,,,,,5,,
12/19/2020,11,1,,1,2,,1,6,,,,,4,7,,2,7,2,,1,2,5,3,,,,,,,4,,7,,
12/20/2020,7,,1,,,,4,2,,,,,2,5,,2,4,,1,1,2,1,,2,,1,,,,1,,6,,
12/21/2020,15,,2,1,1,,7,,,,,4,2,13,,4,7,,4,7,4,3,,,1,,,,,1,1,13,,
12/22/2020,9,,,,1,,4,,,4,,,2,7,,5,2,,2,1,3,3,2,,,,,,,2,,7,,
12/23/2020,6,2,1,,,,,3,,,,,,6,,,2,,4,,3,,1,2,,,,,,3,,3,,
12/24/2020,6,,,3,1,,2,,,,,,1,5,,1,3,1,1,,3,1,,,,,,,2,1,,5,,
12/25/2020,10,2,2,,,,,2,,,,4,3,7,,2,5,,3,,4,2,2,2,,,,,,,1,9,,
12/26/2020,17,,,2,1,,2,11,,,,1,3,13,1,1,4,6,6,2,6,3,2,3,,,,,1,1,2,14,,
12/27/2020,9,,4,2,,,3,,,,,,2,7,,,6,,3,2,1,3,2,1,,,,,,2,,7,,
12/28/2020,20,1,1,,1,1,14,1,,,,1,4,16,,6,10,,4,4,6,4,3,2,1,,,,,2,,17,,1
12/29/2020,10,,2,3,3,,2,,,,,,5,5,,3,2,,5,,2,3,,1,2,,,,2,1,,9,,
12/30/2020,8,1,1,,2,,1,1,,,,2,2,6,,1,2,,5,,4,2,1,1,,,,,,1,,6,,1
12/31/2020,8,,,,,,3,,,,,5,5,3,,6,1,,1,4,3,,1,,,,,,,1,,7,,
1/1/2021,12,1,1,3,2,,,2,,,,3,1,11,,1,6,2,3,,6,2,2,2,,,,,,4,,8,,
1/2/2021,4,1,,,,,3,,,,,,1,3,,,2,,2,1,1,2,,,,,,,,2,,2,,
1/3/2021,10,,,1,1,,5,1,,,,2,1,9,,2,2,4,2,1,2,5,1,,1,,,,,5,1,3,1,
1/4/2021,8,1,1,3,,,2,1,,,,,1,7,,1,4,1,2,,3,2,2,1,,,,,,3,1,4,,
1/5/2021,11,1,1,1,,,2,2,,,,4,1,10,,1,9,,1,1,5,4,1,,,,,,,8,1,2,,
1/6/2021,12,,1,,2,,8,,,,,1,6,6,,2,8,1,1,2,7,1,,1,,,,,1,6,,6,,
1/7/2021,14,2,1,,1,,3,,,,,7,3,11,,7,3,1,3,4,4,4,2,,,,,,,8,1,5,,
1/8/2021,8,,1,,1,,1,5,,,,,,8,,3,4,,1,1,2,3,2,,,,,,,6,,2,,
1/9/2021,8,1,2,3,1,,,1,,,,,1,7,,3,2,,3,,4,2,2,,,,,,,3,,5,,
1/10/2021,11,,1,2,2,,5,,,,,1,2,9,,2,7,,2,3,1,1,1,,1,,,,4,4,,7,,
1/11/2021,18,1,8,,1,,5,2,,1,,,5,13,,1,11,,6,3,3,7,4,1,,,,,,6,,12,,
1/12/2021,20,,2,3,,,11,1,,,,3,5,15,,7,7,2,4,5,11,3,1,,,,,,,13,,7,,
1/13/2021,13,3,1,,,,8,1,,,,,4,9,,1,6,,6,2,3,5,2,,1,,,,,8,,5,,
1/14/2021,11,1,5,,2,,,1,,,,2,2,9,,2,4,,5,2,5,4,,,,,,,,5,,5,1,
1/15/2021,20,,,4,8,,8,,,,,,6,14,,2,14,1,3,1,8,6,2,1,,,,,2,11,,9,,
1/16/2021,13,,,,,,6,2,,1,,4,2,11,,6,6,,1,,2,6,1,1,,,,,3,7,1,5,,
1/17/2021,9,1,,,1,,2,2,,,,3,2,7,,,4,,5,,2,4,1,,,,,,2,2,2,5,,
1/18/2021,10,3,1,,,,1,4,,,,1,3,7,,2,2,,6,,4,2,2,1,1,,,,,4,2,4,,
1/19/2021,1,,,,,,1,,,,,,1,,,,1,,,,,,1,,,,,,,1,,,,
1/20/2021,7,2,,,2,,,1,,,,2,2,5,,3,3,,1,,2,3,2,,,,,,,4,,3,,
1/21/2021,43,2,6,23,2,,6,2,,,,2,18,25,,11,25,,7,1,12,13,10,5,2,,,,,14,1,28,,
1/22/2021,11,,2,,2,,2,3,,,,2,3,8,,2,7,,2,2,8,1,,,,,,,,7,1,2,,1
1/23/2021,10,,2,2,1,,1,2,,,,2,2,8,,1,5,1,3,1,5,2,1,1,,,,,,7,,3,,
1/24/2021,20,,4,,2,,8,,,,,6,3,17,,3,10,2,5,1,10,5,1,1,,,,,2,13,,7,,
1/25/2021,6,,,2,3,,,1,,,,,2,4,,2,3,,1,,4,1,1,,,,,,,,1,5,,
1/26/2021,17,2,5,,2,,3,2,,3,,,4,13,,1,10,,6,2,7,3,2,1,1,1,,,,11,,6,,
1/27/2021,14,4,,3,4,,2,,,1,,,4,10,,7,3,,4,2,9,2,1,,,,,,,5,2,7,,
1/28/2021,8,,,,4,,3,1,,,,,1,7,,3,3,1,1,,4,2,2,,,,,,,5,,3,,
1/29/2021,47,3,1,,1,,2,1,,,,39,5,42,,,44,,3,8,18,12,8,,,,,,1,5,,41,,1
1/30/2021,7,1,,2,,,2,2,,,,,1,6,,,6,,1,2,1,3,,1,,,,,,2,1,4,,
1/31/2021,4,,,,3,,,,,,,1,,4,,,2,,2,1,2,1,,,,,,,,2,1,1,,
2/1/2021,13,,2,1,1,,1,7,,1,,,3,10,,1,5,1,6,,5,2,1,4,1,,,,,8,,5,,
2/2/2021,14,,2,,3,,5,,,3,,1,5,9,,,7,2,5,2,6,4,2,,,,,,,4,3,7,,
2/3/2021,13,,,4,2,,,5,,1,,1,1,12,,4,5,,4,1,4,5,1,1,1,,,,,10,1,2,,
2/4/2021,17,,4,,1,,7,2,,1,,2,4,13,,3,8,1,5,,3,9,2,3,,,,,,8,2,7,,
2/5/2021,17,2,,,2,,1,3,,,,9,5,12,,3,7,,7,,7,4,3,1,1,,,1,,4,1,12,,
2/6/2021,15,1,,4,2,,4,1,,2,,1,1,14,,1,8,1,5,3,5,5,1,,1,,,,,10,,5,,
2/7/2021,11,,3,,5,,1,1,,,,1,5,6,,7,2,,2,4,2,2,2,1,,,,,,9,,2,,
2/8/2021,14,,1,5,1,,4,2,,,,1,3,11,,2,8,1,3,1,6,4,3,,,,,,,6,1,7,,
2/9/2021,11,,1,,3,,,5,,2,,,3,8,,3,5,,3,,5,3,2,1,,,,,,9,2,,,
2/10/2021,13,1,1,,7,,1,1,,,,2,3,10,,2,4,,7,,5,4,4,,,,,,,6,1,6,,
2/11/2021,21,,3,1,1,,11,2,,1,,2,5,16,,8,11,,2,4,4,5,4,4,,,,,,10,1,10,,
2/12/2021,20,,4,2,1,,6,5,,,,2,3,17,,4,13,1,2,2,9,4,4,,1,,,,,12,2,6,,
2/13/2021,7,1,,1,1,,4,,,,,,,7,,4,3,,,1,3,2,,1,,,,,,5,,2,,
2/14/2021,5,,,,1,,3,1,,,,,,5,,1,3,,1,,4,,1,,,,,,,1,2,2,,
2/15/2021,11,,3,3,4,,1,,,,,,4,7,,3,2,1,5,2,2,2,5,,,,,,,3,2,6,,
2/16/2021,11,1,4,,,,4,,,1,,1,2,9,,2,4,2,3,1,2,6,2,,,,,,,9,1,1,,
2/17/2021,5,,2,2,1,,,,,,,,,5,,1,1,,3,,3,1,1,,,,,,,1,,4,,
2/18/2021,21,1,4,1,2,,9,1,,1,,2,6,15,,1,10,,10,,5,9,3,2,1,1,,,,8,,13,,
2/19/2021,6,1,,1,,,1,1,,2,,,,6,,1,4,,1,,2,3,,,1,,,,,6,,,,
2/20/2021,10,,2,,,,6,1,,,,1,2,8,,,8,,2,2,4,3,,1,,,,,,6,2,1,,1
2/21/2021,8,1,,1,,,2,,,3,,1,3,5,,1,5,,2,,,7,,1,,,,,,1,,5,1,1
2/22/2021,9,,2,1,,,3,,,,,3,1,8,,2,6,,1,2,4,2,,1,,,,,,6,,3,,
2/23/2021,7,1,1,1,,,1,2,,1,,,,7,,1,2,,4,,4,2,1,,,,,,,4,1,2,,
2/24/2021,7,1,2,,,,3,1,,,,,,7,,,3,,4,2,3,1,,,1,,,,,3,2,2,,
2/25/2021,10,,2,,2,,4,2,,,,,4,6,,3,4,,3,1,6,1,1,,,,,,1,4,,6,,
2/26/2021,14,2,4,2,,,3,,,1,,2,2,12,,1,6,1,6,2,7,4,1,,,,,,,7,1,5,1,
2/27/2021,11,,,1,,,6,3,,,,1,2,9,,,11,,,1,5,3,2,,,,,,,6,1,4,,
2/28/2021,6,,2,,1,,1,1,,,,1,1,5,,2,2,,2,,1,3,1,1,,,,,,3,,3,,
3/1/2021,6,1,3,1,,,,1,,,,,,6,,2,3,,1,2,1,1,1,,,,,,1,4,,2,,
3/2/2021,7,1,4,,,,1,1,,,,,,7,,3,3,,1,3,3,,1,,,,,,,6,,,,1
3/3/2021,4,,1,1,1,,,,,,,1,,4,,1,2,,1,,1,1,2,,,,,,,1,1,2,,
3/4/2021,6,,1,,1,,3,1,,,,,3,3,,1,3,,2,1,2,2,1,,,,,,,4,1,,1,
3/5/2021,30,3,1,,7,,9,1,,9,,,10,20,,8,13,,9,6,3,10,4,3,3,,,,1,15,,15,,
3/6/2021,7,1,,1,,,,1,,2,,2,,7,,1,5,,1,2,2,3,,,,,,,,4,2,1,,
3/7/2021,8,,,,5,,1,2,,,,,1,7,,4,2,,2,1,2,2,1,2,,,,,,3,2,2,,1
3/8/2021,10,1,3,,,,4,1,,,,1,3,7,,1,8,,1,2,3,2,2,1,,,,,,5,,5,,
3/9/2021,13,,3,,1,,8,1,,,,,2,11,,,6,,7,,2,7,2,1,1,,,,,6,1,6,,
3/10/2021,10,,,1,2,,3,1,,,,3,,10,,2,7,,1,,5,2,2,,1,,,,,7,1,2,,
3/11/2021,2,,1,1,,,,,,,,,1,1,,,1,,1,,1,1,,,,,,,,1,,1,,
3/12/2021,2,,1,,,,1,,,,,,,2,,1,,,1,,,1,1,,,,,,,1,1,,,
3/13/2021,9,1,,,1,,6,,,1,,,1,8,,2,3,,4,,4,3,1,,,1,,,,2,,7,,
3/14/2021,9,2,3,,,,2,2,,,,,,9,,4,3,,2,1,5,,1,,2,,,,,6,1,2,,
3/15/2021,12,5,,,,,2,3,,,,2,4,8,,1,4,1,6,1,3,5,2,1,,,,,,5,1,6,,
3/16/2021,13,,1,1,,,6,4,,1,,,2,11,,3,4,3,3,3,3,3,1,3,,,,,,8,,5,,
3/17/2021,17,1,1,1,2,,,2,,8,,2,5,12,,6,8,,3,1,4,9,2,,1,,,,,7,1,9,,
3/18/2021,11,,,,1,,8,,,,,2,,11,,5,6,,,5,4,2,,,,,,,,5,2,4,,
3/19/2021,3,,,,,,2,,,1,,,,3,,,3,,,,3,,,,,,,,,1,1,1,,
3/20/2021,5,,2,,,,,1,,,,2,,5,,,3,,2,,3,2,,,,,,,,2,3,,,
3/21/2021,4,2,1,,,,,1,,,,,,4,,,2,,2,,1,,2,,1,,,,,2,,2,,
3/22/2021,1,1,,,,,,,,,,,,1,,,,,1,,1,,,,,,,,,,,1,,
3/23/2021,9,,2,2,,,3,2,,,,,3,6,,4,3,,2,,5,4,,,,,,,,2,,7,,
3/24/2021,6,,,,4,,1,1,,,,,1,5,,1,1,1,3,,4,1,1,,,,,,,2,1,3,,
3/25/2021,34,1,,1,2,,7,4,,6,,13,10,24,,5,23,1,5,10,10,7,3,3,1,,,,,27,,6,1,
3/26/2021,4,,,2,,,,1,,,,1,1,3,,3,1,,,,1,1,1,1,,,,,,,2,2,,
3/27/2021,5,,,,3,,1,1,,,,,,5,,1,1,1,2,1,2,2,,,,,,,,3,,2,,
3/28/2021,11,2,,1,,,6,2,,,,,4,7,,4,4,,3,1,4,1,2,2,1,,,,,6,1,2,2,
3/29/2021,15,2,1,1,,,9,1,,,,1,4,11,,,10,,5,1,7,4,1,,1,,,,1,7,,8,,
3/30/2021,12,,4,,,,5,,,,,3,5,7,,2,6,,4,7,3,1,1,,,,,,,5,,7,,
3/31/2021,16,,1,3,,,6,3,,1,,2,2,14,,6,7,,3,2,5,4,2,2,,,,,1,8,,8,,
4/1/2021,11,,2,,,,7,1,,1,,,,11,,4,3,,4,,5,4,2,,,,,,,7,2,2,,
4/2/2021,12,1,2,,,,3,1,,4,,1,4,8,,4,5,,3,4,2,3,1,1,,,,,1,9,1,2,,
4/3/2021,11,,4,1,,,4,1,,1,,,1,10,,3,5,1,2,3,3,2,1,1,1,,,,,4,1,5,,1
4/4/2021,13,1,2,5,2,,3,,,,,,3,10,,4,4,,5,2,5,3,2,1,,,,,,6,,7,,
4/5/2021,12,1,,,,,8,1,,1,,1,3,9,,1,9,2,,6,1,3,1,,,1,,,,10,,2,,
4/6/2021,35,,1,21,2,,2,,,7,,2,11,24,,9,20,,6,1,17,10,5,2,,,,,,8,1,26,,
4/7/2021,4,,,1,1,,,1,,1,,,,4,,2,1,,1,,1,1,2,,,,,,,2,1,1,,
4/8/2021,11,1,,1,1,,,6,,,,2,2,9,,,5,,6,3,4,2,1,,,1,,,,6,1,4,,
4/9/2021,9,3,1,,2,,1,2,,,,,,9,,2,5,,2,3,1,2,3,,,,,,,5,1,3,,
4/10/2021,6,,2,,1,,2,,,,,1,1,5,,,4,,2,,2,1,2,1,,,,,,4,,2,,
4/11/2021,9,3,1,,,,2,,,,,3,3,6,,2,5,,2,,3,5,1,,,,,,,7,,2,,
4/12/2021,15,1,1,1,4,,4,3,,,,1,2,13,,4,8,,3,3,2,4,1,4,,,,,1,9,,6,,
4/13/2021,7,,,,2,,3,1,,,,1,,7,,,4,,3,1,1,3,1,1,,,,,,4,1,2,,
4/14/2021,5,1,,,3,,1,,,,,,1,4,,,5,,,,2,,1,2,,,,,,2,,3,,
4/15/2021,18,1,1,,,,14,2,,,,,6,12,,2,14,,2,2,7,7,,1,1,,,,,3,,15,,
4/16/2021,10,1,,,1,,1,2,,,,5,3,7,,4,2,,4,,4,1,4,1,,,,,,7,,3,,
4/17/2021,10,2,2,,,,2,,,,,4,1,9,,3,3,,4,2,2,3,2,1,,,,,,5,,5,,
4/18/2021,7,,2,1,,,2,2,,,,,1,6,,3,4,,,1,2,2,2,,,,,,,5,,2,,
4/19/2021,6,,1,1,,,1,,,,,3,,6,,2,3,,1,,1,3,2,,,,,,,2,,4,,
4/20/2021,6,1,1,,,,,,,1,,3,,6,,,4,,2,,3,3,,,,,,,,3,,3,,
4/21/2021,11,2,1,,,,3,1,,2,,2,1,10,,7,2,1,1,1,3,4,2,1,,,,,,8,,3,,
4/22/2021,8,,,,2,,4,1,,,,1,2,6,,1,5,,2,,2,4,,2,,,,,,4,,4,,
4/23/2021,8,,,,,,2,,,,,6,1,7,,5,2,,1,2,2,2,2,,,,,,,6,,2,,
4/24/2021,3,,,1,,,1,,,,,1,1,2,,1,1,,1,1,1,1,,,,,,,,2,,1,,
4/25/2021,7,,,,,,4,1,,2,,,1,6,,,4,,3,1,2,3,,1,,,,,,4,,3,,
4/26/2021,4,,1,,3,,,,,,,,1,3,,1,,,3,,2,2,,,,,,,,2,,2,,
4/27/2021,18,2,2,,3,,10,1,,,,,6,12,,3,10,,5,7,2,4,3,2,,,,,,8,3,7,,
4/28/2021,6,,,1,,,2,1,,1,,1,1,5,,3,2,,1,,3,2,1,,,,,,,3,,3,,
4/29/2021,9,,1,,,,3,4,,,,1,1,8,,,7,,2,2,2,3,2,,,,,,,6,1,2,,
4/30/2021,22,,,,3,,17,,,1,,1,10,12,,3,15,,4,3,11,4,4,,,,,,,7,,14,,1
5/1/2021,5,,1,,,,1,1,,1,,1,1,4,,,3,,2,,3,,1,,1,,,,,3,1,1,,
5/2/2021,5,1,2,,2,,,,,,,,1,4,,,,,5,,2,,1,1,,,,,1,4,,1,,
5/3/2021,5,,,,,,3,,,,,2,,5,,,4,,1,,2,2,1,,,,,,,3,,2,,
5/4/2021,12,,2,,5,,1,,,1,,3,4,8,,3,6,1,2,1,4,4,,1,1,,,,1,6,,6,,
5/5/2021,11,1,,1,,,7,2,,,,,1,10,,2,8,,1,2,3,6,,,,,,,,9,,2,,
5/6/2021,9,,2,1,2,,3,,,,,1,1,8,,3,4,,2,,5,2,1,,,,,,1,5,,4,,
5/7/2021,25,1,,1,3,,14,4,,1,,1,8,17,,2,18,,5,7,5,9,2,2,,,,,,9,2,14,,
5/8/2021,5,1,,1,,,1,1,,,,1,1,4,,1,3,,1,,3,2,,,,,,,,4,1,,,
5/9/2021,3,,,,,,,3,,,,,,3,,,2,,1,,2,,,1,,,,,,2,,1,,
5/10/2021,16,3,,1,3,,5,1,,2,,1,3,13,,5,7,,4,1,10,3,2,,,,,,,11,1,4,,
5/11/2021,14,,1,1,,,5,4,,2,,1,3,11,,4,6,,4,,4,7,1,,1,,,,1,4,,10,,
5/12/2021,10,4,,,4,,1,,,,,1,2,8,,1,3,,6,,1,4,3,2,,,,,,6,2,2,,
5/13/2021,7,2,,,,,4,1,,,,,,7,,,5,,2,,2,5,,,,,,,,7,,,,
5/14/2021,3,1,,,,,,2,,,,,,3,,,2,,1,,3,,,,,,,,,2,,1,,
5/15/2021,6,2,,,,,1,,,,,3,2,4,,1,5,,,,,4,,2,,,,,,3,,2,1,
5/16/2021,6,,,1,1,,2,2,,,,,,6,,,4,1,1,1,4,,,1,,,,,,2,2,2,,
5/17/2021,4,,1,,,,1,1,,,,1,,4,,2,2,,,,2,1,,,1,,,,,2,1,1,,
5/18/2021,5,,2,,,,,2,,1,,,2,3,,2,,,3,1,,1,2,1,,,,,,3,,2,,
5/19/2021,11,2,,2,1,,2,3,,1,,,3,8,,3,7,,1,2,1,4,2,2,,,,,,7,,4,,
5/20/2021,18,2,1,3,,,2,3,,,,7,5,13,,9,2,,7,6,3,5,2,2,,,,,,6,1,10,,1
5/21/2021,5,,,,2,,3,,,,,,2,3,,,3,,2,,2,2,1,,,,,,,5,,,,
5/22/2021,10,,,,1,,4,,,,,5,1,9,,2,7,,1,,3,3,3,1,,,,,,5,1,2,2,
5/23/2021,5,,,,3,,,,,,,2,1,4,,2,2,,1,,1,2,2,,,,,,,1,,4,,
5/24/2021,5,,,1,,,3,,,1,,,1,4,,1,3,,1,2,1,,1,1,,,,,,4,1,,,
5/25/2021,5,,3,,1,,,,,,,1,2,3,,1,2,,2,,1,2,1,1,,,,,,5,,,,
5/26/2021,9,1,,3,,,,3,,2,,,,9,,2,4,1,2,1,1,2,3,2,,,,,,7,1,1,,
5/27/2021,16,,,1,,,6,7,,1,,1,4,12,,4,9,,3,3,4,7,2,,,,,,,6,4,4,2,
5/28/2021,14,1,3,,2,,3,2,,1,,2,5,9,,1,6,,7,2,3,5,2,1,,1,,,,9,,5,,
5/29/2021,2,,,1,,,1,,,,,,,2,,1,1,,,1,1,,,,,,,,,,1,1,,
5/30/2021,8,,,4,,,4,,,,,,,8,,,7,,1,2,4,1,1,,,,,,,4,,4,,
5/31/2021,12,,1,1,2,,5,,,2,,1,3,9,,,9,,3,2,3,4,3,,,,,,,6,,5,,1
6/1/2021,15,2,7,,2,,3,1,,,,,2,13,,4,4,,7,,3,7,2,3,,,,,,6,2,7,,
6/2/2021,12,1,,,1,,,3,,,,7,1,11,,,8,,4,2,2,7,1,,,,,,,5,2,5,,
6/3/2021,35,1,2,,1,,14,3,,5,,9,13,22,,7,21,,7,6,5,11,7,3,1,1,,1,,15,4,14,2,
6/4/2021,12,,1,,2,,9,,,,,,2,10,,4,6,,2,3,5,2,1,1,,,,,,8,,4,,
6/5/2021,8,,1,1,,,1,4,,,,1,2,6,,1,5,1,1,4,,2,1,,,1,,,,6,,2,,
6/6/2021,8,,,,1,,2,4,,,,1,,8,,2,5,1,,1,1,4,2,,,,,,,4,3,,1,
6/7/2021,9,,1,,3,,2,1,,,,2,1,8,,3,3,,3,1,4,3,1,,,,,,,7,,2,,
6/8/2021,12,3,,,,,1,8,,,,,4,8,,2,5,,5,,2,6,3,1,,,,,,5,,7,,
6/9/2021,11,,,,2,,,5,,,,4,1,10,,3,4,,4,2,2,6,1,,,,,,,7,1,3,,
6/10/2021,13,,2,,3,,4,4,,,,,3,10,,4,7,1,1,2,3,6,1,1,,,,,,8,1,4,,
6/11/2021,14,1,4,,2,,2,3,,2,,,4,10,,2,8,,4,2,3,7,1,,1,,,,,8,,6,,
6/12/2021,15,2,4,1,2,,3,,,,,3,2,13,,2,8,,5,1,2,8,3,,1,,,,,7,2,3,3,
6/13/2021,7,2,,,1,,4,,,,,,,7,,1,4,,2,,1,4,1,1,,,,,,3,1,3,,
6/14/2021,9,,2,,1,,,2,,1,,3,1,8,,,5,,4,1,1,3,4,,,,,,,5,,4,,
6/15/2021,14,,7,,1,,1,2,,1,,2,5,9,,2,8,,4,,5,4,4,1,,,,,,10,,4,,
6/16/2021,17,,,4,6,,7,,,,,,4,13,,3,11,,3,,6,4,2,3,1,,,,1,10,,7,,
6/17/2021,11,1,,3,,,,2,,4,,1,3,8,,3,5,,3,1,1,5,2,2,,,,,,5,,6,,
6/18/2021,12,2,,2,,,7,1,,,,,3,9,,3,5,2,2,,3,7,2,,,,,,,2,,8,2,
6/19/2021,10,2,2,,1,,,3,,,,2,2,8,,2,6,,2,1,5,3,,1,,,,,,4,2,4,,
6/20/2021,6,1,,,,,2,,,1,,2,,6,,,3,1,2,,,3,3,,,,,,,3,2,1,,
6/21/2021,6,,,,1,,2,1,,2,,,,6,,1,3,,2,,2,2,1,,1,,,,,3,1,2,,
6/22/2021,4,,2,1,,,,,,,,1,,4,,,2,,2,1,1,1,,,,,,,1,2,1,1,,
6/23/2021,5,1,,,,,,,,3,,1,1,4,,2,2,1,,1,1,1,1,1,,,,,,4,,1,,
6/24/2021,16,1,1,,,,9,1,,2,,2,1,15,,2,8,1,5,2,8,4,1,1,,,,,,13,1,2,,
6/25/2021,7,,1,,,,1,,,2,,3,3,4,,6,1,,,1,2,1,2,1,,,,,,4,,3,,
6/26/2021,12,,4,1,,,3,1,,,,3,2,10,,1,5,1,5,,2,8,2,,,,,,,8,,4,,
6/27/2021,8,,,,,,3,,,,,5,2,6,,1,7,,,,4,3,,,1,,,,,3,,5,,
6/28/2021,10,,2,1,3,,2,,,,,2,2,8,,6,3,,1,1,2,2,5,,,,,,,6,1,3,,
6/29/2021,14,,2,2,,,3,2,,,,5,3,11,,2,9,,3,,7,2,4,1,,,,,,12,1,1,,
6/30/2021,10,1,2,,1,,1,2,,1,,2,2,8,,3,1,1,5,,6,1,3,,,,,,,6,1,3,,
7/1/2021,15,2,1,,1,,4,3,,,,4,3,12,,3,11,,1,2,6,4,1,1,,1,,,,13,,2,,
7/2/2021,4,,1,,1,,,1,,,,1,,4,,1,3,,,,1,2,1,,,,,,,4,,,,
7/3/2021,5,1,,,,,2,1,,,,1,,5,,2,2,,1,1,,3,1,,,,,,,3,,2,,
7/4/2021,22,2,1,,1,,10,,,1,,7,8,14,,1,16,,5,3,8,6,3,1,1,,,,,13,1,8,,
7/5/2021,16,,5,,2,,6,,,2,,1,4,12,,10,4,,2,1,9,4,2,,,,,,,12,,4,,
7/6/2021,4,,,,1,,,1,,2,,,,4,,1,2,,1,1,1,1,,,1,,,,,3,,1,,
7/7/2021,7,1,1,1,1,,2,1,,,,,1,6,,1,4,,2,1,2,3,1,,,,,,,5,1,1,,
7/8/2021,12,,,,1,,7,4,,,,,3,9,,8,,1,3,,4,5,2,1,,,,,,6,,6,,
7/9/2021,13,1,,5,2,,4,,,1,,,2,11,,3,7,1,2,,5,3,4,1,,,,,,7,,6,,
7/10/2021,7,,1,1,,,3,1,,1,,,,7,,1,5,,1,2,1,2,1,1,,,,,,4,,3,,
7/11/2021,5,,1,,,,1,1,,,,2,,5,,3,1,,1,1,3,,,1,,,,,,2,2,1,,
7/12/2021,9,,,,,,2,1,,6,,,4,5,,1,6,2,,1,6,1,1,,,,,,,6,,3,,
7/13/2021,9,3,2,1,,,,2,,,,1,1,8,,2,3,,4,,1,5,2,,,,,,1,6,1,2,,
7/14/2021,2,,,,,,1,1,,,,,,2,,,,,2,,2,,,,,,,,,1,,1,,
7/15/2021,12,,,2,,,5,3,,2,,,3,9,,2,7,1,2,2,2,4,1,,3,,,,,4,,8,,
7/16/2021,10,1,,,,,3,,,,,6,3,7,,1,4,,5,5,2,2,,,1,,,,,5,,5,,
7/17/2021,3,,,,,,2,1,,,,,2,1,,,3,,,,2,,1,,,,,,,2,1,,,
7/18/2021,1,1,,,,,,,,,,,,1,,,,,1,,,,,,1,,,,,,,1,,
7/19/2021,6,,,,1,,3,2,,,,,1,5,,3,2,,1,1,2,2,1,,,,,,,3,,3,,
7/20/2021,21,,,1,3,,6,8,,3,,,3,18,,6,10,1,4,1,4,10,5,,,,,,1,16,,5,,
7/21/2021,12,1,,2,,,6,2,,1,,,3,9,,1,11,,,3,5,2,2,,,,,,,1,,11,,
7/22/2021,15,2,3,1,1,,4,,,1,,3,2,13,,2,9,1,3,4,5,5,1,,,,,,,11,,4,,
7/23/2021,6,,1,,,,1,3,,,,1,2,4,,1,2,2,1,,3,3,,,,,,,,3,,3,,
7/24/2021,11,,6,,1,,4,,,,,,1,10,,5,2,,4,,6,3,1,1,,,,,,4,2,5,,
7/25/2021,12,,7,,2,,2,,,,,1,3,9,,2,7,1,2,3,3,1,3,1,1,,,,,1,1,10,,
7/26/2021,6,2,3,,,,,,,,,1,3,3,,2,3,,1,,3,2,1,,,,,,,2,1,3,,
7/27/2021,9,1,,,,,6,1,,,,1,2,7,,4,4,,1,,2,6,,1,,,,,,8,,1,,
7/28/2021,8,3,,1,2,,2,,,,,,3,5,,2,1,,5,,2,5,1,,,,,,,4,1,3,,
7/29/2021,11,2,1,,2,,5,,,,,1,2,9,,5,2,,4,,1,7,,2,1,,,,,8,,3,,
7/30/2021,12,,,1,5,,1,1,,4,,,1,11,,2,3,1,6,,5,5,2,,,,,,,8,,4,,
7/31/2021,6,,,1,,,2,1,,,,2,1,5,,1,4,,1,,4,,2,,,,,,,2,,4,,
8/1/2021,11,,1,,,,9,1,,,,,2,9,,2,4,1,4,,2,7,1,1,,,,,,6,,5,,
8/2/2021,10,,2,,,,5,,,1,,2,,10,,5,1,,4,1,4,3,2,,,,,,,3,1,6,,
8/3/2021,11,,,3,1,,,2,,,,5,2,9,,,4,,7,,3,5,,,3,,,,,1,1,9,,
8/4/2021,10,,,,6,,,1,,3,,,2,8,,,5,,5,,3,4,,,2,,,,1,4,,6,,
8/5/2021,7,,1,,1,,2,,,,,3,1,6,,3,4,,,1,3,2,,,1,,,,,2,,5,,
8/6/2021,,,,,,,,,,,,,,,,,,,,,,,,,,,,,,,,,,
8/7/2021,8,1,,,,,5,,,,,2,2,6,,,7,1,,2,4,2,,,,,,,,5,1,2,,
8/8/2021,11,1,1,1,,,8,,,,,,3,8,,4,5,,2,2,2,5,1,1,,,,,,2,,9,,
8/9/2021,11,,3,2,2,,,2,,1,,1,2,9,,4,3,,4,,5,,4,2,,,,,,7,,4,,
8/10/2021,13,,1,,6,,,4,,1,,1,1,12,,7,5,,1,2,6,5,,,,,,,,10,2,1,,
8/11/2021,8,1,2,3,1,,,,,,,1,1,7,,2,4,,2,,4,2,1,,1,,,,,5,,3,,
8/12/2021,12,,4,,,,3,4,,1,,,6,6,,1,7,1,3,3,2,5,1,,,,,,1,5,1,6,,
8/13/2021,7,,,,,,4,1,,1,,1,3,4,,2,4,,1,1,2,1,2,1,,,,,,3,1,3,,
8/14/2021,3,,,1,,,1,1,,,,,,3,,2,,1,,,3,,,,,,,,,3,,,,
8/15/2021,10,1,1,1,2,,2,,,3,,,1,9,,4,2,,4,2,2,3,1,1,,,,,1,2,2,6,,
8/16/2021,9,1,,,2,,3,2,,,,1,,9,,4,3,,2,,2,4,2,1,,,,,,5,2,2,,
8/17/2021,19,,,1,3,,13,2,,,,,4,15,,1,8,,10,,6,5,3,2,3,,,,,7,,12,,
8/18/2021,14,,3,,,,2,9,,,,,1,13,,5,5,,4,,3,7,2,1,1,,,,,6,,7,,1
8/19/2021,20,1,1,,1,,8,4,,5,,,4,16,,3,7,,10,2,9,2,4,1,1,1,,,,9,,11,,
8/20/2021,10,5,1,,,,1,,,2,,1,3,7,,3,5,,2,,6,2,1,,,,,,1,7,,3,,
8/21/2021,11,2,,,1,,2,2,,,,4,4,7,,4,2,,5,,1,8,1,,,,,,1,5,3,3,,
8/22/2021,8,1,,1,1,,3,1,,,,1,1,7,,1,6,,1,,4,1,2,,,,,,1,4,2,2,,
8/23/2021,7,1,5,,1,,,,,,,,2,5,,4,2,,1,,4,1,1,,1,,,,,3,,4,,
8/24/2021,6,,1,,1,,2,2,,,,,,6,,1,4,1,,,2,3,1,,,,,,,4,1,1,,
8/25/2021,11,1,,1,2,,5,1,,,,1,1,10,,,8,,3,3,2,2,1,1,1,,,,1,5,1,5,,
8/26/2021,23,,2,,1,,15,5,,,,,10,13,,5,11,2,5,10,4,5,3,1,,,,,,9,,14,,
8/27/2021,10,,1,,3,,2,4,,,,,3,7,,4,4,1,1,1,6,3,,,,,,,,4,,6,,
8/28/2021,5,,1,,,,2,1,,,,1,1,4,,1,2,,2,,2,2,1,,,,,,,3,1,1,,
8/29/2021,7,1,,,5,,1,,,,,,1,6,,,2,,5,,,5,2,,,,,,,3,1,3,,
8/30/2021,10,,3,,,,5,,,1,,1,2,8,,6,1,,3,,5,2,3,,,,,,,5,,5,,
8/31/2021,8,1,,,4,,2,1,,,,,1,7,,,2,,6,,3,5,,,,,,,,7,,1,,
9/1/2021,7,,4,,1,,,1,,1,,,,7,,1,4,1,1,,3,3,1,,,,,,,3,2,2,,
9/2/2021,21,1,2,1,1,,4,7,,1,,4,1,20,,3,12,,6,,9,7,3,,,,,,2,12,1,8,,
9/3/2021,14,2,,1,2,,3,1,,5,,,2,12,,3,8,,3,4,3,5,1,1,,,,,,6,2,6,,
9/4/2021,6,,1,1,1,,,1,,1,,1,,6,,2,2,,2,,1,1,1,2,1,,,,,3,2,1,,
9/5/2021,14,1,,,,,5,1,,,,7,3,11,,5,7,,2,,3,6,3,,2,,,,,7,1,6,,
9/6/2021,12,,4,,6,,,2,,,,,2,10,,4,4,,4,3,2,6,1,,,,,,,10,2,,,
9/7/2021,14,1,2,,6,,5,,,,,,1,13,,2,3,,9,1,3,5,2,2,1,,,,,7,,7,,
9/8/2021,29,,2,,3,,6,3,,15,,,9,20,,5,18,,6,7,8,10,4,,,,,,,10,1,17,1,
9/9/2021,13,,5,,1,,5,2,,,,,2,11,,4,6,1,2,1,5,4,3,,,,,,,9,,4,,
9/10/2021,4,,,,1,,1,2,,,,,1,3,,1,3,,,,,3,1,,,,,,,,,4,,
9/11/2021,10,,,,4,,2,2,,,,2,3,7,,1,6,2,1,3,2,1,3,,,,,,1,7,1,2,,
9/12/2021,20,2,,1,6,,3,2,,,,6,4,16,,3,11,,6,1,6,5,4,2,,,,,2,7,4,9,,
9/13/2021,8,3,1,,1,,2,,,,,1,1,7,,2,5,,1,2,2,3,1,,,,,,,6,1,1,,
9/14/2021,17,3,1,6,1,,3,2,,1,,,3,14,,1,11,1,4,3,5,7,2,,,,,,,10,1,6,,
9/15/2021,10,,8,,2,,,,,,,,2,8,,,6,,4,,6,3,,,,1,,,,5,1,4,,
9/16/2021,6,,,,,,4,2,,,,,1,5,,1,3,,2,,2,4,,,,,,,,2,,4,,
9/17/2021,16,,,,1,,9,1,,1,,4,4,12,,4,5,3,4,1,6,6,2,1,,,,,,4,3,9,,
9/18/2021,11,,2,,4,,4,,,,,1,1,10,,1,5,,5,2,6,3,,,,,,,,5,,6,,
9/19/2021,5,,,,1,,1,3,,,,,1,4,,,2,2,1,,2,3,,,,,,,,2,,3,,
9/20/2021,10,,2,,5,,1,1,,1,,,4,6,,5,3,,2,1,5,2,1,1,,,,,,4,,6,,
9/21/2021,7,,3,,,,3,,,,,1,2,5,,1,4,,2,1,3,2,1,,,,,,,3,,4,,
9/22/2021,15,,1,,3,,2,1,,,,8,4,11,,4,9,1,1,1,4,4,6,,,,,,,9,1,5,,
9/23/2021,3,,1,,,,1,1,,,,,2,1,,2,1,,,,2,,,,,,,,1,1,1,1,,
9/24/2021,10,2,1,6,,,,1,,,,,2,8,,9,,,1,,5,3,2,,,,,,,4,,6,,
9/25/2021,12,,1,2,1,,1,,,2,,5,4,8,,3,5,1,3,1,3,5,2,1,,,,,,7,,5,,
9/26/2021,4,2,1,,,,1,,,,,,,4,,,1,,3,,1,1,1,,1,,,,,2,,2,,
9/27/2021,9,1,,,1,,2,2,,3,,,,9,,1,6,,2,,5,3,1,,,,,,,3,1,5,,
9/28/2021,3,,1,,,,,1,,1,,,,3,,2,1,,,,,3,,,,,,,,3,,,,
9/29/2021,10,3,,,,,2,3,,2,,,2,8,,6,3,,1,,7,3,,,,,,,,6,1,3,,
9/30/2021,12,1,2,,,,7,,,,,2,1,11,,2,6,,4,1,6,3,,2,,,,,,3,,9,,
10/1/2021,16,2,,,4,,9,,,,,1,7,9,,2,10,,4,1,7,5,1,2,,,,,,7,,9,,
10/2/2021,10,,6,,1,,1,1,,,,1,3,7,,3,5,1,1,2,5,1,1,1,,,,,,2,3,5,,
10/3/2021,5,,2,,2,,,1,,,,,,5,,3,1,,1,,1,1,1,1,1,,,,,2,1,2,,
10/4/2021,7,,1,1,1,,1,1,,,,2,3,4,,2,4,,1,,3,4,,,,,,,,3,1,3,,
10/5/2021,16,,,4,1,1,5,2,,,,3,4,12,,4,11,,1,4,3,4,3,2,,,,,,10,,6,,
10/6/2021,6,2,2,2,,,,,,,,,,6,,1,3,,2,,1,3,2,,,,,,,4,,2,,
10/7/2021,1,,,,,,1,,,,,,,1,,,1,,,,,,1,,,,,,,1,,,,
10/8/2021,18,2,1,2,3,,3,1,,6,,,2,16,,6,8,1,3,6,4,7,,,,,,,1,9,2,6,,1
10/9/2021,13,1,1,,1,,3,6,,,,1,4,9,,1,8,1,3,2,4,3,3,,,,,,1,6,,6,1,
10/10/2021,4,,,,2,,2,,,,,,,4,,1,3,,,,4,,,,,,,,,3,1,,,
10/11/2021,9,,,2,5,,1,1,,,,,2,7,,5,1,1,2,2,5,1,,,,,,,1,1,,8,,
10/12/2021,5,,1,1,1,,,1,,1,,,1,4,,2,,,3,1,,1,1,1,,,,,1,4,,1,,
10/13/2021,17,,2,2,5,,8,,,,,,5,12,,2,10,1,4,6,2,5,3,1,,,,,,10,,7,,
10/14/2021,13,,1,1,1,,3,4,,,,3,3,10,,3,6,,4,,7,4,2,,,,,,,5,1,7,,
10/15/2021,6,1,3,,,,,,,1,,1,2,4,,2,1,,3,,3,1,1,1,,,,,,5,1,,,
10/16/2021,12,1,1,4,1,,,2,,,,3,1,11,,2,6,2,2,5,1,6,,,,,,,,6,2,4,,
10/17/2021,6,,1,,,,2,2,,,,1,,6,,,3,1,2,,2,1,3,,,,,,,4,,2,,
10/18/2021,7,1,3,,1,,,,,,,2,,7,,3,3,,1,,3,1,2,,,,,,1,2,,5,,
10/19/2021,8,1,2,,,,2,2,,,,1,,8,,5,3,,,3,,5,,,,,,,,4,,4,,
10/20/2021,8,,3,1,2,,1,1,,,,,2,6,,1,4,,3,,2,4,2,,,,,,,5,1,2,,
10/21/2021,29,,11,1,2,,7,2,,5,,1,7,22,,7,18,,4,7,13,6,1,,2,,,,,8,1,20,,
10/22/2021,8,,,1,3,,1,1,,1,,1,1,7,,1,2,,5,1,5,,1,1,,,,,,4,1,3,,
10/23/2021,6,,1,,,,3,1,,,,1,,6,,2,3,1,,,2,4,,,,,,,,4,1,1,,
10/24/2021,13,,3,1,4,,2,3,,,,,1,12,,4,8,,1,1,6,5,,1,,,,,,3,3,6,,1
10/25/2021,7,1,1,,1,,1,1,,1,,1,,7,,1,2,,4,,2,3,2,,,,,,,4,,3,,
10/26/2021,7,,,,,,3,4,,,,,1,6,,,4,1,2,,1,6,,,,,,,,3,,4,,
10/27/2021,5,1,,,,,3,,,,,1,1,4,,,3,1,1,1,1,,,2,,,,,1,1,,4,,
10/28/2021,12,3,1,1,,,,3,,4,,,2,10,,2,2,,8,1,4,5,2,,,,,,,10,1,1,,
10/29/2021,9,,2,,,,1,1,,2,,3,,9,,3,2,1,3,,5,2,1,1,,,,,,5,,3,1,
10/30/2021,6,,,,,,4,2,,,,,,6,,1,4,,1,2,2,2,,,,,,,,3,,3,,
10/31/2021,9,,5,,1,,1,1,,,,1,,9,,2,5,1,1,,6,1,1,,,,,,1,3,1,5,,
11/1/2021,7,3,1,2,,,1,,,,,,1,6,,,4,,3,,1,4,2,,,,,,,4,1,2,,
11/2/2021,20,,,1,,,9,2,,3,,5,5,15,,4,7,,9,4,9,4,2,1,,,,,,9,1,10,,
11/3/2021,17,4,3,,1,,6,3,,,,,5,12,,4,8,,5,4,8,4,1,,,,,,,10,,7,,
11/4/2021,8,2,,,2,,2,,,2,,,2,6,,3,2,,3,,3,1,3,1,,,,,,3,,5,,
11/5/2021,16,3,7,,,,4,2,,,,,8,8,,8,3,,5,,5,4,4,1,2,,,,,7,2,7,,
11/6/2021,11,,,,,,7,1,,1,,2,1,10,,,6,4,1,2,3,4,2,,,,,,,5,,6,,
11/7/2021,7,,,1,,,1,2,,1,,2,,7,,1,4,1,1,2,,3,2,,,,,,,5,1,1,,
11/8/2021,14,1,,,1,,1,2,,2,,7,3,11,,5,7,,2,2,9,1,1,1,,,,,,10,,4,,
11/9/2021,15,,4,2,5,,3,1,,,,,4,11,,5,2,2,6,1,5,7,2,,,,,,,10,,5,,
11/10/2021,12,,,5,2,,1,3,,1,,,1,11,,5,4,,3,,5,3,2,2,,,,,,5,,7,,
11/11/2021,9,,1,,5,,2,,,,,1,2,7,,4,3,,2,,1,3,3,2,,,,,,5,,4,,
11/12/2021,11,4,1,,,,2,3,,1,,,1,10,,3,4,,4,,4,4,1,1,,,,,1,7,,4,,
11/13/2021,6,,1,,3,,,1,,1,,,1,5,,3,3,,,,2,4,,,,,,,,3,,3,,
11/14/2021,13,,,,,,1,1,,,,11,,13,,,13,,,1,7,4,1,,,,,,,3,1,9,,
11/15/2021,11,1,2,1,,,3,3,,1,,,2,9,,4,5,,2,2,4,4,1,,,,,,,6,,5,,
11/16/2021,5,,,2,1,,,,,,,2,1,4,,1,3,,1,2,1,2,,,,,,,,3,,2,,
11/17/2021,11,,3,1,,,1,4,,1,,1,2,9,,4,5,,2,2,3,5,1,,,,,,,7,1,3,,
11/18/2021,8,,2,,,,5,,,1,,,,8,,,5,1,2,3,2,2,1,,,,,,,6,,2,,
11/19/2021,6,,,1,,,2,2,,,,1,,6,,1,4,1,,,1,2,2,1,,,,,,3,1,2,,
11/20/2021,6,,,2,,,1,,,3,,,2,4,,,2,1,3,1,1,3,1,,,,,,,3,,3,,
11/21/2021,10,3,1,1,,,2,2,,,,1,1,9,,2,4,1,3,1,7,,2,,,,,,,6,,4,,
11/22/2021,3,,1,,1,,1,,,,,,,3,,1,1,,1,,3,,,,,,,,,1,1,1,,
11/23/2021,8,,,,3,,3,,,,,2,3,5,,2,2,,4,2,,4,1,1,,,,,,3,,5,,
11/24/2021,4,,2,,,,,2,,,,,1,3,,3,,,1,1,3,,,,,,,,,2,,2,,
11/25/2021,6,1,2,,1,,2,,,,,,,6,,2,1,,3,,1,2,3,,,,,,,2,,4,,
11/26/2021,3,,2,,1,,,,,,,,,3,,,2,,1,,1,1,,1,,,,,,2,,1,,
11/27/2021,9,,,,1,,6,,,,,2,1,8,,1,5,,3,2,4,2,1,,,,,,,5,,4,,
11/28/2021,9,,,1,2,,3,1,,,,2,1,8,,1,6,1,1,2,3,3,,1,,,,,,6,,2,,1
11/29/2021,4,,,,,,1,2,,,,1,2,2,,1,2,,1,,1,1,2,,,,,,,4,,,,
11/30/2021,7,2,,1,,,1,2,,,,1,1,6,,2,4,,1,1,,5,1,,,,,,,3,,4,,
12/1/2021,20,,,1,1,,16,,,2,,,1,19,,5,11,,4,,5,6,6,2,1,,,,,9,,11,,
12/2/2021,7,,1,,,,2,4,,,,,,7,,2,3,,2,,1,2,2,1,1,,,,,3,,4,,
12/3/2021,11,,,5,2,,,,,,,4,2,9,,3,7,,1,1,3,4,1,1,,,,,1,2,3,6,,
12/4/2021,5,,1,,,,3,,,,,1,,5,,1,4,,,,2,1,,1,1,,,,,3,,2,,
12/5/2021,3,,,2,1,,,,,,,,1,2,,2,,,1,,1,1,1,,,,,,,1,,2,,
12/6/2021,6,,,,2,,3,,,,,1,,6,,,5,,1,1,2,2,1,,,,,,,5,,1,,
12/7/2021,9,,1,4,,,3,1,,,,,2,7,,1,5,1,2,2,3,1,2,1,,,,,,5,1,3,,
12/8/2021,6,,1,1,,,2,1,,1,,,1,5,,,6,,,,2,4,,,,,,,,3,,3,,
12/9/2021,6,,2,2,,,1,,,,,1,,6,,2,4,,,,3,2,,1,,,,,,5,,1,,
12/10/2021,5,,,,,,2,2,,,,1,,5,,,3,,2,,,3,,,1,1,,,,3,1,,1,
12/11/2021,15,,,,1,,7,6,,,,1,3,12,,2,10,1,2,7,3,4,,1,,,,,,7,,8,,
12/12/2021,7,,2,1,3,,,,,,,1,2,5,,1,2,,4,,4,2,1,,,,,,,3,,4,,
12/13/2021,5,,2,,,,2,1,,,,,1,4,,,5,,,2,,3,,,,,,,,4,,1,,
12/14/2021,9,,1,1,1,,6,,,,,,2,7,,2,5,1,1,2,3,4,,,,,,,,7,1,1,,
12/15/2021,12,,,,1,,8,1,,,,2,3,9,,4,5,,3,6,4,1,1,,,,,,,5,1,6,,
12/16/2021,10,,1,1,3,,1,3,,1,,,1,9,,2,3,1,4,,3,5,1,,1,,,,,6,2,2,,
12/17/2021,14,,3,,,,2,1,,,,8,1,13,,2,11,,1,1,3,2,2,,,,,,6,5,,9,,
12/18/2021,13,5,1,1,2,,4,,,,,,4,9,,2,3,,8,4,1,4,3,,1,,,,,4,1,8,,
12/19/2021,6,1,2,,1,,,,,2,,,1,5,,3,1,,2,2,3,1,,,,,,,,3,,3,,
12/20/2021,13,1,2,1,4,,1,3,,,,1,3,10,,4,7,,2,2,8,2,,,,,,,1,4,1,8,,
12/21/2021,10,,,,1,,,7,,1,,1,2,8,,2,2,,6,1,,2,3,4,,,,,,3,6,1,,
12/22/2021,23,1,6,,3,,1,9,,3,,,6,17,,3,9,1,10,3,8,8,,2,1,1,,,,10,1,12,,
12/23/2021,8,,,1,2,,4,,,,,1,,8,,,6,1,1,,3,4,,1,,,,,,2,2,4,,
12/24/2021,6,2,,,,,1,,,,,3,,6,,,5,,1,,4,1,,,1,,,,,3,1,2,,
12/25/2021,6,,,2,,,2,,,,,2,,6,,3,3,,,,1,3,2,,,,,,,2,1,3,,
12/26/2021,13,1,3,,7,,1,1,,,,,4,9,,1,7,,5,3,5,3,1,1,,,,,,5,,8,,
12/27/2021,5,2,2,,,,,,,,,1,1,4,,1,3,,1,,2,1,2,,,,,,,3,1,1,,
12/28/2021,12,2,,,4,,1,1,,,,4,,12,,2,8,,2,4,2,2,1,,,,,,3,8,,4,,
12/29/2021,8,,,1,2,,3,1,,,,1,,8,,2,3,1,2,,3,2,2,1,,,,,,6,1,1,,
12/30/2021,18,,,,5,,1,6,,2,,4,3,15,,8,7,,3,,6,6,3,1,1,,,,1,10,,8,,
12/31/2021,10,1,2,2,1,,1,3,,,,,1,9,,2,4,,4,1,4,2,,1,2,,,,,2,1,6,,1
1/1/2022,16,7,1,1,,,4,1,,,,2,3,13,,7,7,1,1,1,8,4,,1,,,,,2,4,2,10,,
1/2/2022,15,,,2,3,,4,,,2,,4,4,11,,3,6,,6,2,6,5,2,,,,,,,8,1,6,,
1/3/2022,7,,,1,,,2,4,,,,,1,6,,1,4,,2,2,2,3,,,,,,,,,,7,,
1/4/2022,16,1,,2,2,,6,2,,1,,2,6,10,,1,12,1,2,2,9,3,2,,,,,,,13,,3,,
1/5/2022,6,,,2,,,2,2,,,,,2,4,,,3,1,2,,3,2,1,,,,,,,3,,2,,1
1/6/2022,16,,3,2,,,7,2,,,,2,1,15,,6,7,,3,3,5,5,3,,,,,,,12,,3,,1
1/7/2022,15,,1,,2,,1,3,,6,,2,4,11,,8,6,,1,2,7,4,1,1,,,,,,11,,4,,
1/8/2022,20,11,2,,,,5,1,,,,1,9,11,,10,6,,4,3,6,4,5,,,,,,2,5,2,13,,
1/9/2022,11,,1,1,,,7,1,,,,1,2,9,,3,7,,1,1,5,5,,,,,,,,4,,7,,
1/10/2022,12,2,,6,,,2,1,,,,1,1,11,,3,5,,4,,2,6,3,1,,,,,,6,2,4,,
1/11/2022,9,,1,,1,,2,,,3,,2,1,8,,1,6,,2,,4,4,1,,,,,,,6,,3,,
1/12/2022,14,5,,1,4,,2,2,,,,,2,11,1,2,4,1,7,,3,6,1,1,1,,,,2,8,,6,,
1/13/2022,20,2,3,,6,,3,4,,2,,,7,13,,7,5,,8,2,8,5,3,1,1,,,,,11,6,3,,
1/14/2022,15,2,3,1,2,,1,2,,4,,,4,11,,8,4,2,1,,12,2,1,,,,,,,7,,8,,
1/15/2022,10,,6,,1,,2,,,,,1,2,8,,2,5,,3,3,1,3,1,,,,,,2,5,,5,,
1/16/2022,4,,,1,,,3,,,,,,,4,,,3,,1,1,2,1,,,,,,,,2,,2,,
1/17/2022,9,2,2,,,,1,2,,,,2,2,7,,3,2,1,3,1,3,4,1,,,,,,,5,2,2,,
1/18/2022,12,,1,4,,,3,1,,,,3,3,9,,3,5,,4,3,3,4,1,1,,,,,,10,,2,,
1/19/2022,17,3,8,,,,1,1,,3,,1,5,12,,3,8,,6,1,3,12,1,,,,,,,9,1,7,,
1/20/2022,13,,5,1,2,,3,,,2,,,2,11,,2,7,1,3,2,4,5,1,,,,,,1,6,1,6,,
1/21/2022,10,,4,,,,,,,5,,1,1,9,,,5,,5,7,1,,2,,,,,,,2,1,7,,
1/22/2022,15,1,2,,,,3,2,,1,,6,1,14,,3,7,,5,1,2,9,1,2,,,,,,7,1,7,,
1/23/2022,13,1,3,,4,,2,,,,,3,2,11,,2,7,1,3,2,6,4,1,,,,,,,6,2,5,,
1/24/2022,17,1,,,2,,3,,,,,11,2,15,,,14,,3,1,10,4,1,1,,,,,,8,3,6,,
1/25/2022,10,1,,1,1,,6,1,,,,,1,9,,3,1,,6,2,4,,1,1,2,,,,,4,1,4,1,
1/26/2022,11,,2,1,1,,6,,,1,,,,11,,3,5,,3,,4,2,3,1,,,,,1,7,,4,,
1/27/2022,16,,1,3,2,,10,,,,,,5,11,,2,11,,3,5,3,2,1,4,1,,,,,7,1,7,1,
1/28/2022,19,3,,,4,,1,,,4,,7,3,16,,3,6,1,9,,8,7,2,1,,,,,1,11,,8,,
1/29/2022,15,,3,1,1,,1,,,3,,6,3,12,,1,9,,5,5,1,5,2,1,1,,,,,5,2,7,,1
1/30/2022,11,1,1,,,,5,3,,,,1,2,9,,2,6,1,2,1,6,3,1,,,,,,,4,1,5,1,
1/31/2022,14,,2,,4,,5,1,,,,2,2,12,,4,3,3,4,3,6,5,,,,,,,,9,1,4,,
2/1/2022,9,,1,1,2,,2,,,2,,1,4,5,,4,3,,2,,5,2,2,,,,,,,6,,3,,
2/2/2022,8,,2,,,,3,2,,1,,,3,5,,2,4,,2,1,4,2,1,,,,,,,2,1,5,,
2/3/2022,13,1,1,,2,,4,4,,1,,,5,8,,2,6,1,4,1,6,6,,,,,,,,10,,3,,
2/4/2022,6,,1,,2,,2,1,,,,,,6,,1,4,,1,1,2,1,2,,,,,,,3,2,1,,
2/5/2022,5,,,,1,,1,2,,,,1,,5,,2,1,,2,,2,1,1,1,,,,,,2,1,2,,
2/6/2022,6,,2,,,,2,1,,,,1,,6,,1,5,,,1,2,1,2,,,,,,,3,,3,,
2/7/2022,16,,2,1,,,3,4,,,,6,5,11,,4,5,2,5,1,4,4,3,3,,,,,1,8,,7,,1
2/8/2022,14,6,,,2,,4,,,,,2,4,10,,,7,,7,1,5,4,4,,,,,,,7,,7,,
2/9/2022,15,,1,1,1,,2,4,,5,,1,4,11,,4,7,,4,1,6,6,2,,,,,,,11,,4,,
2/10/2022,20,,1,1,4,,1,10,,,,3,7,13,,4,8,2,6,,7,7,4,,1,,,,1,10,,10,,
2/11/2022,8,2,,,1,,4,1,,,,,1,7,,2,2,,4,,2,5,1,,,,,,,2,2,4,,
2/12/2022,23,1,2,,3,,17,,,,,,4,19,,3,11,3,6,,12,8,2,,1,,,,,8,,15,,
2/13/2022,21,,,1,1,,7,11,,,,1,11,10,,10,8,1,2,1,7,2,,2,1,1,,,7,3,1,17,,
2/14/2022,1,,,,,,1,,,,,,,1,,,1,,,,1,,,,,,,,,,,1,,
2/15/2022,16,2,,,6,,3,3,,,,2,1,15,,2,6,2,6,7,4,4,1,,,,,,,6,8,2,,
2/16/2022,17,1,6,1,,,1,2,,,,6,7,10,,3,8,1,5,3,3,3,4,3,,,,,1,6,1,10,,
2/17/2022,7,,1,,,,1,3,,2,,,1,6,,1,4,,2,1,2,3,1,,,,,,,5,,2,,
2/18/2022,16,1,6,1,3,,3,,,,,2,6,10,,3,6,1,6,,8,4,2,2,,,,,,5,,10,1,
2/19/2022,9,,,,2,,2,,,3,,2,2,7,,1,6,,2,,7,2,,,,,,,,6,,3,,
2/20/2022,11,4,1,1,,,,3,,,,2,1,10,,2,3,1,5,1,2,2,5,1,,,,,,3,3,5,,
2/21/2022,6,,2,1,1,,1,,,,,1,1,5,,1,4,,1,1,1,1,1,2,,,,,,2,1,3,,
2/22/2022,11,,,1,5,,3,2,,,,,3,8,,4,,1,6,,6,5,,,,,,,,4,,7,,
2/23/2022,23,,3,3,2,,9,4,,1,,1,3,20,,3,15,1,4,1,6,12,1,2,,,,,1,12,1,10,,
2/24/2022,12,,1,1,,,2,3,,,,5,1,11,,4,6,,2,1,2,7,2,,,,,,,4,,8,,
2/25/2022,8,,2,2,1,,,2,,,,1,1,7,,5,3,,,2,1,2,2,1,,,,,,3,2,2,,1
2/26/2022,6,1,,,2,,2,1,,,,,1,5,,1,3,1,1,1,2,3,,,,,,,,3,,3,,
2/27/2022,16,,3,4,3,,4,1,,1,,,1,15,,3,8,,5,1,3,5,3,2,,,,,2,2,5,7,1,1
2/28/2022,18,1,4,1,,,10,1,,,,1,7,11,,1,15,,2,,7,6,3,2,,,,,,13,1,4,,
3/1/2022,7,,1,,3,,,1,,,,2,,7,,1,5,1,,,5,,,1,,,,,1,3,1,3,,
3/2/2022,21,,2,5,1,,3,1,,1,,8,6,15,,6,10,,5,1,12,2,3,,2,1,,,,14,,7,,
3/3/2022,11,,,4,2,,2,,,3,,,4,7,,5,3,,3,1,3,4,,2,1,,,,,6,,5,,
3/4/2022,12,3,3,,1,,3,2,,,,,2,10,,4,6,,2,2,4,3,2,1,,,,,,6,2,4,,
3/5/2022,3,,,2,,,1,,,,,,1,2,,,3,,,1,2,,,,,,,,,1,,2,,
3/6/2022,6,,,1,,,2,1,,,,2,1,5,,2,4,,,,4,2,,,,,,,,2,1,3,,
3/7/2022,9,,2,3,2,,,,,1,,1,2,7,,4,4,,1,,2,6,1,,,,,,,4,1,4,,
3/8/2022,27,,,9,2,,12,,,,,4,15,11,1,7,16,3,1,2,4,10,3,3,2,,,,3,3,2,22,,
3/9/2022,6,,2,,1,,1,1,,1,,,1,5,,1,1,,4,,1,5,,,,,,,,6,,,,
3/10/2022,12,,2,1,6,,,1,,,,2,4,8,,3,5,,4,,5,4,2,1,,,,,,9,,3,,
3/11/2022,17,,8,2,3,,2,1,,,,1,5,12,,2,10,1,4,2,5,2,2,2,1,1,,,2,7,2,8,,
3/12/2022,14,,4,,,,9,1,,,,,3,11,,3,10,,1,,7,7,,,,,,,,13,,1,,
3/13/2022,18,,11,1,2,,2,,,,,2,3,15,,7,4,3,4,1,3,4,3,1,1,,,,5,7,,11,,
3/14/2022,11,,2,,,,7,,,,,2,1,10,,2,8,1,,4,3,1,2,,,,,,1,7,,4,,
3/15/2022,14,,2,3,1,,1,,,,,7,1,13,,7,3,,4,1,7,5,,1,,,,,,9,,5,,
3/16/2022,22,,1,1,2,,2,12,,,,4,6,16,,7,7,1,7,,8,10,3,1,,,,,,9,,13,,
3/17/2022,13,,3,,1,,6,1,,,,2,3,10,,1,10,,2,3,3,5,1,1,,,,,,6,,7,,
3/18/2022,9,,5,,,,2,,,,,2,2,7,,1,1,5,2,2,5,,,1,,,,,1,4,,5,,
3/19/2022,11,2,4,,,,3,1,,1,,,1,10,,,5,,6,2,5,4,,,,,,,,8,2,1,,
3/20/2022,5,1,1,,,,3,,,,,,1,4,,,3,,2,,1,2,,2,,,,,,4,,1,,
3/21/2022,10,1,,1,1,,1,5,,,,1,2,8,,3,3,2,2,2,1,3,3,,,,1,,,5,1,4,,
3/22/2022,7,,,3,,,3,,,,,1,1,6,,,3,1,3,,3,1,2,1,,,,,,3,1,3,,
3/23/2022,10,,,,5,,3,,,,,2,,10,,,7,1,2,,3,4,3,,,,,,,6,,4,,
3/24/2022,17,,3,,4,,6,1,,1,,2,2,15,,3,6,,8,1,5,5,6,,,,,,,9,,8,,
3/25/2022,13,2,2,1,2,,3,1,,2,,,1,12,,4,7,,2,,2,6,4,,,,,,1,8,,5,,
3/26/2022,17,1,,,3,,11,,,1,,1,6,11,,6,5,,6,2,7,4,2,1,,,,,1,3,2,12,,
3/27/2022,14,1,1,,1,,10,,,,,1,3,11,,2,10,,2,,4,6,3,,1,,,,,9,2,3,,
3/28/2022,9,1,2,,1,,1,4,,,,,1,8,,1,7,,1,,3,5,,1,,,,,,6,,3,,
3/29/2022,4,,1,,,,,1,,,,2,,4,,,3,1,,,2,2,,,,,,,,3,1,,,
3/30/2022,6,,1,1,2,,,,,1,,1,2,4,,1,2,,3,,4,2,,,,,,,,2,2,2,,
3/31/2022,9,,,1,1,,2,3,,,,2,,9,,1,5,,3,2,3,1,1,1,,,,,1,5,,4,,
4/1/2022,18,,1,,1,,1,2,,2,,11,6,12,,5,7,,6,1,7,5,4,1,,,,,,6,1,11,,
4/2/2022,17,,6,,2,,2,4,,,,3,3,14,,2,8,2,5,,5,6,4,2,,,,,,7,2,8,,
4/3/2022,17,3,,,5,,3,4,,,,2,3,14,,5,8,1,3,3,8,3,1,1,,1,,,,9,1,7,,
4/4/2022,11,1,1,1,1,,1,3,,,,3,1,10,,2,4,,5,1,3,3,1,1,1,,,,1,7,1,3,,
4/5/2022,13,,,,1,,5,2,,2,,3,2,11,,1,10,1,1,2,6,1,2,2,,,,,,9,,4,,
4/6/2022,11,,1,,,,3,,,7,,,1,10,,3,5,,3,3,6,1,,,,,,,1,7,,4,,
4/7/2022,14,1,6,,2,,3,2,,,,,1,13,,,8,,6,3,3,2,6,,,,,,,10,,4,,
4/8/2022,16,2,,,2,,3,1,,8,,,4,12,,8,6,,2,4,6,4,2,,,,,,,7,,9,,
4/9/2022,9,2,2,,2,,2,1,,,,,2,7,,1,1,1,6,2,3,1,3,,,,,,,4,,5,,
4/10/2022,12,2,2,,4,,3,,,,,1,2,9,1,1,6,2,3,,5,4,2,,,,,,1,3,1,7,,1
4/11/2022,12,,3,,2,,5,,,,,2,4,8,,,9,,3,1,6,2,1,2,,,,,,7,,5,,
4/12/2022,8,,,1,,,2,3,,1,,1,2,6,,2,4,1,1,,6,1,,,1,,,,,6,1,1,,
4/13/2022,15,1,2,,1,,8,1,,,,2,3,12,,5,7,,3,6,3,3,3,,,,,,,6,,9,,
4/14/2022,12,2,2,,1,,1,3,,,,3,1,11,,2,6,,4,3,2,2,3,2,,,,,,6,2,4,,
4/15/2022,17,1,,1,4,,10,1,,,,,5,12,,4,6,,7,1,4,6,2,1,1,1,,,1,10,,7,,
4/16/2022,13,1,1,1,5,,3,2,,,,,1,12,,2,5,1,5,,2,3,4,2,,,,,2,6,,7,,
4/17/2022,26,3,3,,2,,13,,,5,,,7,19,,4,14,1,7,2,6,11,5,1,,,1,,,9,5,12,,
4/18/2022,12,1,,,1,,2,3,,1,,4,2,10,,4,5,,3,,6,3,1,2,,,,,,6,2,4,,
4/19/2022,5,2,,,3,,,,,,,,,5,,,1,1,3,,1,4,,,,,,,,4,1,,,
4/20/2022,16,5,2,1,3,,3,1,,1,,,6,10,,3,10,,3,1,7,6,,,,,,,2,10,3,3,,
4/21/2022,23,,1,,5,,1,11,,3,,2,3,20,,5,4,,14,1,7,6,5,1,1,1,,,1,10,1,12,,
4/22/2022,17,,4,1,5,,2,1,,3,,1,1,16,,9,4,,4,3,5,8,,1,,,,,,10,1,6,,
4/23/2022,25,1,8,,7,,7,,,,,2,9,16,,4,9,1,11,3,6,10,3,3,,,,,,8,1,15,,1
4/24/2022,15,2,3,1,2,,5,,,1,,1,2,13,,2,9,,4,1,6,5,2,,1,,,,,6,2,7,,
4/25/2022,19,1,7,4,3,,3,,,1,,,4,15,,7,1,2,9,,9,7,2,1,,,,,,9,,10,,
4/26/2022,14,,5,,1,,4,,,1,,3,4,10,,,12,,2,3,5,4,2,,,,,,,7,1,6,,
4/27/2022,20,1,4,1,2,,5,4,,2,,1,3,17,,6,9,,5,5,8,5,1,1,,,,,,13,,7,,
4/28/2022,10,1,1,2,1,,2,2,,,,1,1,9,,1,4,,5,1,4,4,1,,,,,,,3,1,6,,
4/29/2022,13,,1,,4,,6,1,,1,,,4,9,,,8,1,4,2,3,3,1,3,,,,,1,6,1,6,,
4/30/2022,4,,,,,,1,2,,1,,,2,2,,1,1,,2,,1,1,1,1,,,,,,2,,2,,
5/1/2022,12,,2,1,2,,4,2,,,,1,2,10,,1,7,,4,,5,6,1,,,,,,,5,,7,,
5/2/2022,15,1,5,,3,,3,,,3,,,4,11,,3,3,1,8,1,5,4,4,,,,1,,,6,1,8,,
5/3/2022,13,2,,2,3,,5,,,1,,,2,11,,1,6,,6,2,5,3,1,,2,,,,,9,,4,,
5/4/2022,11,,,2,,,5,3,,,,1,1,10,,4,5,,2,1,2,5,2,,,1,,,,7,1,3,,
5/5/2022,10,,,,3,,3,,,1,,3,2,8,,3,5,,2,1,5,4,,,,,,,,8,,2,,
5/6/2022,10,,,1,1,,3,4,,,,1,2,8,,7,3,,,3,1,4,1,1,,,,,,6,,3,,1
5/7/2022,11,,1,1,2,,3,4,,,,,1,10,,3,5,,3,,4,3,2,1,1,,,,,7,2,2,,
5/8/2022,9,,,,1,,2,2,,,,4,1,8,,2,5,,2,1,6,,1,1,,,,,,5,1,2,,1
5/9/2022,8,,,,1,,1,2,3,,,1,4,4,,1,7,,,1,1,4,,,,,,,2,1,1,6,,
5/10/2022,6,3,,,,,1,1,,,,1,1,5,,3,1,,2,1,2,,2,,1,,,,,4,,2,,
5/11/2022,16,3,3,,1,,6,3,,,,,1,15,,3,9,,4,3,7,5,1,,,,,,,8,3,5,,
5/12/2022,9,,4,,1,,2,1,,1,,,2,7,,1,5,1,2,3,3,2,1,,,,,,,5,,4,,
5/13/2022,14,4,1,,2,,3,2,,2,,,5,9,,2,6,,6,1,4,3,2,2,1,,,,1,3,,11,,
5/14/2022,8,,2,,,,1,4,,,,1,2,6,,,6,,2,,4,1,3,,,,,,,6,1,1,,
5/15/2022,19,2,9,,,,8,,,,,,7,12,,6,8,1,4,8,5,1,1,2,,,,,2,3,,16,,
5/16/2022,14,,,1,2,,5,6,,,,,5,9,,5,5,2,2,,4,6,2,,,,,,2,9,,5,,
5/17/2022,18,7,2,,,,5,1,,3,,,4,14,,4,6,,8,,6,4,4,3,1,,,,,8,,10,,
5/18/2022,22,,2,,4,,1,3,,9,,3,7,15,,2,16,,4,5,4,6,5,,2,,,,,11,3,8,,
5/19/2022,28,1,6,,,,17,4,,,,,8,20,,4,18,1,5,3,11,6,6,2,,,,,,10,,18,,
5/20/2022,12,,1,4,,,3,1,,3,,,,12,,4,6,,2,1,3,3,3,,1,,,,1,10,,2,,
5/21/2022,9,3,,1,1,,3,,,,,1,2,7,,,4,2,3,2,1,4,1,1,,,,,,6,,3,,
5/22/2022,9,,1,6,,,2,,,,,,4,5,,2,7,,,3,2,3,1,,,,,,,3,1,5,,
5/23/2022,11,,,3,,,6,2,,,,,6,5,,4,,3,4,,4,2,4,,,,,,1,1,3,7,,
5/24/2022,11,1,,,,,3,,,3,,4,2,9,,3,5,,3,,2,4,3,1,,,,,1,8,,3,,
5/25/2022,10,,,,1,,8,1,,,,,3,7,,,7,,3,,2,5,1,1,1,,,,,2,1,7,,
5/26/2022,10,,3,,,,3,4,,,,,,10,,1,3,1,5,,1,3,3,,2,,,,1,5,,5,,
5/27/2022,12,,2,2,,,3,,,4,,1,2,10,,1,8,,3,,4,5,2,1,,,,,,8,1,3,,
5/28/2022,10,2,4,1,2,,,1,,,,,,10,,2,5,,3,1,3,2,2,,1,,1,,,4,1,5,,
5/29/2022,9,,1,2,1,,2,,,2,,1,,9,,4,3,1,1,2,3,1,1,1,1,,,,,7,,2,,
5/30/2022,10,1,2,,,,5,1,,,,1,1,9,,2,6,,2,2,2,5,1,,,,,,,8,,2,,
5/31/2022,12,1,,,2,,8,1,,,,,4,8,,6,3,,3,,3,8,,1,,,,,,8,,4,,
6/1/2022,20,,7,,3,,3,4,,,,3,6,14,,5,5,,10,4,6,5,1,1,,,,,3,13,,7,,
6/2/2022,12,1,3,1,,,3,4,,,,,2,10,,2,8,,2,2,3,6,1,,,,,,,8,,4,,
6/3/2022,16,,3,1,,,5,5,,1,,1,3,13,,1,10,,5,3,5,5,2,,1,,,,,8,,7,1,
6/4/2022,9,,2,,3,,2,1,,1,,,1,8,,3,1,1,4,,2,2,2,,1,,,,2,4,1,4,,
6/5/2022,4,,,,,,1,,,2,,1,,4,,1,3,,,,,2,2,,,,,,,1,,3,,
6/6/2022,24,1,1,,8,,4,1,,4,,5,6,18,,9,14,,1,5,5,8,4,1,1,,,,,12,4,8,,
6/7/2022,10,,1,,,,6,2,,,,1,2,8,,4,5,,1,2,3,2,1,,1,,,,1,6,1,3,,
6/8/2022,27,12,3,1,4,,2,3,,,,2,4,23,,17,4,1,5,10,7,5,3,1,,,,,1,11,,15,,1
6/9/2022,8,,1,,1,,1,5,,,,,1,7,,1,1,1,5,,2,3,1,1,1,,,,,1,,7,,
6/10/2022,9,,2,,2,,5,,,,,,1,8,,,7,,2,,4,3,2,,,,,,,7,,2,,
6/11/2022,7,1,,,1,,2,,,2,,1,,7,,1,3,1,2,,3,2,2,,,,,,,4,,3,,
6/12/2022,8,,1,,2,,1,1,,1,,2,1,7,,3,3,,2,,2,3,1,1,,,,,1,4,,4,,
6/13/2022,13,1,1,1,2,,4,2,,1,,1,5,8,,2,5,,6,,5,4,4,,,,,,,6,,7,,
6/14/2022,15,2,3,,2,,7,1,,,,,2,13,,11,4,,,9,4,2,,,,,,,,7,,8,,
6/15/2022,18,1,4,1,1,,5,3,,,,3,3,15,,1,10,1,6,3,9,4,1,1,,,,,,9,,9,,
6/16/2022,8,1,,,4,,2,,,,,1,,8,,4,2,,2,1,5,1,1,,,,,,,3,2,2,,1
6/17/2022,18,,,2,2,,5,8,,1,,,6,12,,3,10,,5,3,5,6,3,,,,,,1,6,2,10,,
6/18/2022,9,,1,,3,,4,,,,,1,1,8,,1,7,,1,,6,1,2,,,,,,,4,1,4,,
6/19/2022,5,,1,,2,,1,1,,,,,,5,,1,2,,2,,2,1,,2,,,,,,3,,2,,
6/20/2022,8,1,,,,,4,2,,,,1,2,6,,,5,,3,2,3,2,,1,,,,,,3,,5,,
6/21/2022,6,1,,,1,,,3,,,,1,1,5,,,2,1,3,,,5,1,,,,,,,5,,1,,
6/22/2022,7,,1,,3,,,3,,,,,2,5,,1,2,1,3,,2,1,4,,,,,,,2,,5,,
6/23/2022,26,1,1,12,2,,3,,,,,7,11,15,,9,16,,1,4,5,14,2,1,,,,,,7,,19,,
6/24/2022,9,2,2,,1,,4,,,,,,1,8,,2,5,,2,,1,5,2,1,,,,,,6,,3,,
6/25/2022,25,3,,1,2,,4,12,,1,,2,9,15,1,2,12,2,9,5,4,2,4,1,1,,,,8,7,,18,,
6/26/2022,7,,1,,2,,2,2,,,,,1,6,,3,1,1,2,1,1,1,3,1,,,,,,4,1,2,,
6/27/2022,10,,1,,2,,3,2,,1,,1,2,8,,3,2,,5,2,1,3,1,2,,1,,,,4,,6,,
6/28/2022,17,2,,2,,,5,6,,1,,1,1,16,,6,8,,3,3,5,5,2,1,,,,,1,11,,6,,
6/29/2022,21,1,2,,2,,9,5,,,,2,9,12,,7,11,,3,6,7,3,2,1,2,,,,,7,1,13,,
6/30/2022,28,2,4,8,2,,8,4,,,,,9,19,,16,8,,4,4,15,4,5,,,,,,,8,4,16,,
Grand Total,8296,588,1053,607,999,57,2219,1191,3,513,1,1065,1764,6523,9,1892,3954,289,2161,1062,2794,2442,1122,477,182,34,5,2,176,3171,406,4655,34,30
